"A Stranger in the Mirror: Should Doctors Transplant Faces? The technology for human facial transplants exists, but ethicists are worried about using it."
"JBoss reaches certification landmark JBoss Application Server 4.0, the next version of the open-source application server, was released on Monday. The company claims that JBoss AS 4.0 is the first open-source application server to achieve J2EE "
Another one features a photo of Clinton with the slogan “
"Pizza and pub tycoon to buy Pearl Hugh Osmond, the business man who made his fortune through pizzas and pubs, is at the head of a consortium spending over 1bn to buy the Pearl life insurance business."
"Malcom, I hope you are not going to"
"Candidates Play on Fears of Attacks, Wars WASHINGTON - Playing on the fear factor, Vice President Dick Cheney suggested in a campaign speech there might be another terrorist attack on the United States if John Kerry were in the White House. President Bush's opponents' are raising their own worst fears, including the potential for more wars during a second Bush term..."
"To this end, Plimpton tried all sorts"
"Burma's prime minister is ousted BANGKOK, Thailand -- Burma's tough but pragmatic prime minister was removed from power yesterday by his hard-line army colleagues, clouding prospects for the freedom of opposition leader Aung San Suu Kyi and for democracy in the military-led Southeast Asian nation."
"A dramatic spike in fatal terrorist attacks by radical Islamists is likely to grow worse,"
"Nader to Hit Swing States; Kerry Improves BOSTON - With polls showing a narrowing gap between President Bush and Sen. John Kerry, independent candidate Ralph Nader said Sunday that he planned to continue campaigning in key battleground states in the final month of the presidential election..."
Nose-controlled mouse not to be sniffed at &lt;strong&gt;Letters&lt;/strong&gt; &lt;cite&gt;Reg&lt;/cite&gt; readers applaud sillytech
Sri Lanka restrict Pakistan after Samaraweera's hundred (AFP) AFP - Sri Lanka fought back with seven wickets in the last two sessions to restrict Pakistan's first innings lead on the second day of the first Test.
"Dow Knocked Lower by Merck's Drug Recall  NEW YORK (Reuters) - Drug maker Merck   Co. Inc. &lt;A HREF=""http://www.investor.reuters.com/FullQuote.aspx?ticker=MRK.N target=/stocks/quickinfo/fullquote""&gt;MRK.N&lt;/A&gt;  dominated trading in U.S. stocks on Thursday, single-handedly  driving the 30-stock Dow Jones average lower after it withdrew  its arthritis drug Vioxx because a study showed it doubled the  risk of heart attack and stroke."
"Zombie PCs spam, phish, harass on the sly (USATODAY.com) USATODAY.com - Criminals deploy zombies herded into netwoks of a few hundred to more than half a million compromised PCs. Uses vary from the simply annoying (spam attacks) to the unsavory and criminal."
"NFL: Dolphins go nowhere From sending running back Travis Minor out wide on the game #39;s first play to new tailback Lamar Gordon being forced into action, the Dolphins exhausted their playbook with futile results."
"Buy Now, Buy Often, but Make a Good Deal The glass doors to the Anaheim Marriott opened into a spacious lobby that was calm early on Thursday afternoon. All but one of the plush chairs near the entrance was "
Camby locks onto puck fans Marcus Camby is a hockey fan. He wasn #39;t happy when his hometown Hartford Whalers bolted to North Carolina in 1997. But the Denver Nuggets center realizes the NHL lockout can benefit his team.
AstraZeneca and GSK shares rocked by safety concerns By Stephen Foley in London and Katherine Griffiths in New York. More than 6bn was wiped off the value of the UK #39;s two giant pharmaceuticals companies yesterday as they and the US regulator attempted to quell a furore over drug safety.
"Linksys, Vonage In Equipment Deal Irvine-based Linksys (www.linksys.com) announced that it is in a deal with Voice over IP (VoIP) provider Vonage (www.vonage.com) to provide equipment for home and small businesses."
"2. Non-whites are more likely to support socialist-type spending programs, partly because"
"Tony Blair fails to inspire his men DEAR readers, Tony Blair #39;s speech at the annual conference of the Labour Party was billed as the most important speech of his political career, considering the grave situation that "
Jenner has not been shy to offer her opinion on Hillary on the likely-to-be-
"Warning: Defect in Siemens cellphones may cause hearing damage Ok, so its one thing for a cellphone to have a bug in it, it happens, but theresa defect in Siemens 65 series of cellphones (including the C65, M65, S65, SL65, CV65, CT65, CXV65, and CXT65) that could potentially result in hearing loss."
"Qualcomm May Change Royalty Recognition Qualcomm Inc. (QCOM.O: Quote, Profile, Research) may change the way it recognizes royalties from its licensees, which would reduce fourth-quarter pre-tax income by \$298 million, the company said on Friday."
"For instance, you must say that Iran is the world’s"
Lyne Takes Reigns at Martha Stewart Living Few would dispute that Martha Stewart Living Omnimedia (MSO) could use a little help right now. But former ABC executive Susan Lyne could face some tough challenges as the new president and CEO of the empire that Stewart built.
"Egypt raises Suez transit fees by three percent in 2005 (AFP) AFP - Egypt has decided to increase transit fees for ships using the Suez Canal by an average of three percent next year, the canal authority revealed."
"CELL Prototype Announced By Sony, Toshiba, and IBM In two joint press releases, Sony Corporation, Sony Computer Entertainment Inc., Toshiba, and IBM, have today announced the creation of the prototype CELL processor, which is currently being developed in Austin Texas."
If I saw a kid getting raped in the shower
"Kings pull Pacers off East pedestal In the realistic portion of their brains, the Indiana Pacers know they aren #39;t supposed to be all that good right now. But they also know they aren #39;t supposed to be this bad."
I don't have the time or expertise to further analyze the
Many engineers lack a four-year degree The news comes as some observers warn that the United States needs to focus more on training scientists and engineers.
"Pro-hunt farmers boot military off their land (AFP) AFP - Well-heeled farmers, furious over a proposed law to ban fox hunting, have blocked military from using their land for training exercises."
"'Virtual Girlfriend' Demands Gifts HONG KONG - She needs to be coddled with sweet talk and pampered with gifts, but you'll never see her in the flesh. A Hong Kong company has developed a ""virtual girlfriend"" for new cell phones with video capability..."
"One of the tweets allegedly stated, “I will kill"
Having become famous — or infamous — for her “
"Solid growth lifts Cisco fortunes Cisco Systems, the IT systems producer, records a strong start to the year with first quarter profits rising 29."
"From road rage to fan rage, civility takes a beating When professional athletes start slugging fans, severe penalties pretty much are a no-brainer. So few tears will be shed for the nine basketball players suspended - at the cost of millions in salary -fter "
Time for Williams to check his ego into a penthouse suite In a hotel suite in Las Vegas a couple of days ago a fighter unpacked the bags he had carried down from the drab suburban bungalow that had been his rented home.
"Afghans Say Kill Senior Taliban Commander  KANDAHAR, Afghanistan (Reuters) - A senior commander from  Afghanistan's Taliban militia previously held at a U.S. base in  Guantanamo Bay was killed by Afghan forces in the central  province of Uruzgan, a senior official said on Sunday."
"Yes Men, All Women Really Have"
Kostya #39;s glove affair HEAVYWEIGHT contender Mark Latham lost the biggest fight of his life but his ladder of opportunity still lives in the career of Kostya Tszyu.
"Pesky's patience rewarded Those were tears of joy he didn't even try to hide amid the wild celebration in the Red Sox' locker room last night. Sure, some champagne had been poured on him, but those were Johnny Pesky's emotions on display as he witnessed a scene that he never had a doubt he'd see."
"""Of course if you have 3,000 cases of rape and 24 years of being kept in a"
"Update 2: Gold Fields Rejects \$8.1B Harmony Gold Bid Gold Fields Ltd. rejected an \$8.1 billion takeover bid by smaller rival Harmony Gold Mining Company Ltd. as inadequate on Monday, despite the support of its largest stakeholder."
“Dear white women please stop using my body
"NASA Inspector's Space Shuttle Checks Questioned ORLANDO, Fla. (AP) -- A former NASA inspector has been accused of lying about inspecting crucial parts on the space shuttle Discovery before and after the Columbia disaster that killed seven astronauts and grounded the entire orbiter fleet..."
Police videos end live ID parades The tradition of identification parades at the police station is to end as technology takes over.
"Tennis: Sharapova slams Panova in Beijing BEIJING : Wimbledon winner Maria Sharapova scorched Russian compatriot Tatiana Panova 6-1, 6-1 to kick-start her campaign at the China Open and book a place in the quarter-finals."
Benitez: Reds need time to gel Liverpool manager Rafael Benitez has conceded that his side could take a few months to kick into gear following Sunday #39;s 1-0 defeat at Bolton.
"Radio operators OK rules on Net over power lines For critics of power-line broadband access, new FCC rules mean ""the glass is both half-full and half-empty."""
"Chelsea and Arsenal Held to Home Draws  LONDON (Reuters) - Chelsea and Arsenal were denied  victories by Bolton Wanderers and West Bromwich Albion, the  away sides scoring late equalizers against them in the English  Premier League Saturday."
US blue chips skid as oil keeps rising NEW YORK : US shares ended mostly lower Thursday as oil prices kept moving higher despite news that US strategic reserves may be tapped to ease supply concerns.
"Advocacy group cites troubles in toyland They are sold with colorful names like  quot;Pals on the Go!, quot;  quot;Click Clack Train, quot;  quot;Kinderland Kimy Bathtime quot; and  quot;Flashing Star Wand."
"The Breitbart article ran with the headline, ""O’Keefe Sting — Teachers Union President"
Nobels Bring Prestige to Calif. Colleges (AP) AP - The University of California system is amassing Nobel Prizes at campuses once noted more for beer bashes and odd mascots than academic excellence.
"A giant jumping rat has been born at Bristol Zoo after a successful """
"Students Aiming to Avoid the 'Freshman 15' All-you-can-eat dorm dining. Late-night pizza parties. Tacos, burgers, barbecue, beer. It's a recipe for the ""freshman 15"" - as in 15 more pounds for the new college student."
"Taiwan's Chen quits party post President Chen resigns as DPP chairman in Taiwan, in a move which could signal a new drive to find consensus."
"As Congressional Budget Chief, Former Bush Economic Aide Isn #39;t &lt;b&gt;...&lt;/b&gt; Congressional Democrats were deeply suspicious when Republican leaders selected Douglas J. Holtz-Eakin to take over the nonpartisan Congressional Budget Office in early 2003."
"Civil servants face strike ballot Almost 300,000 civil servants will be balloted for a one-day national strike\against government plans to cut jobs."
"A cost cutter takes over VW brand FRANKFURT Volkswagen, plucking a fallen star from a rival carmaker, announced Wednesday that Wolfgang Bernhard, a former DaimlerChrysler executive known for his cost-cutting skills and new-product flair, would take over its ailing flagship car brand."
"Tribal Leaders Meet US, Iraqi Officials For Al-Sadr City Talks Shi #39;a tribal leaders in Baghdad #39;s Al-Sadr City district met today with Iraqi police and US Army officials for talks on how to restore calm amid almost daily clashes that have killed and injured many people."
"US should not have hyphenated ties with India, Pakistan : New York, Sep 23 : Prime Minister Manmohan Singh has said the US should not have a  quot;hyphenated relationship quot; between India and Pakistan as ties with New Delhi had its own dynamics and ought to develop independent of the geopolitical compulsions that led "
Hewlett-Packard posts 26.5 per cent rise in fourth quarter profits Hewlett-Packard Co. reported Tuesday a 26.5 per cent rise in fourth-quarter profit on the strength of record revenue growth across all of the computer manufacturing giant #39;s businesses.
Colts Lead Vikings 14-6 at Halftime (AP) AP - Peyton Manning threw two touchdown passes and the Indianapolis Colts built a 14-6 halftime lead over the Minnesota Vikings on Monday night.
"Bush Names Gonzales to Succeed Ashcroft (AP) AP - President Bush on Wednesday nominated White House counsel Alberto Gonzales, who helped shape the administration's controversial legal strategy in the war on terror, to be attorney general. He would be the first Hispanic to serve as the nation's top law enforcement officer."
"India Rethinks Plan for Manned Moon Mission By S. SRINIVASAN    BANGALORE, India (AP) -- India is rethinking its plan to send a man to the moon by 2015, as the mission would cost a lot of money and yield very little in return, the national space agency said Thursday..."
The centre was set up in response to a lack of mental health care in
"Some of the structures cited requiring permits, wiring, and/or plumbing installation include a “roofed-over platform"
"Reports Point to Proof of Global Warming (AP) AP - Global warming has had little noticeable impact in Washington, D.C. Politicians in the nation's capital have been reluctant to set limits on the carbon dioxide pollution that is expected to warm the planet by 4 to 7 degrees Fahrenheit during the next century, citing uncertainty about the severity of the threat."
"24th January 2015, city Mariupol, occupied territory of Donetsk republic.Two foreign mercenaries were found today"
"Energised Henman downs Dupuis Basel - Two-time Swiss Indoors champion Tim Henman bounced back from his disappointing Madrid Masters performance last week to ease through his first round match at the ATP event here on Wednesday, overwhelming Frenchman Antony Dupuis 6-3, 6-4."
"Fighting in Fallujah Nears End U.S. and Iraqi security forces scoured Fallujah for remaining insurgent fighters and pounded the city's southernmost neighborhoods  with heavy artillery and bombs late Sunday night, as military commanders declared victory seven days after launching their largest  operation since the U.S.-led invasion of Iraq in March 2003."
Biotech in stem cell giveaway A MELBOURNE biotech company will offer scientists unconditional access to a new embryonic stem-cell line in an effort to speed up lifesaving medical research.
"UN input into Iraqi elections threatened by  #39;lack of security #39; Following on from yesterday #39;s horrific car bombing in Baghdad which claimed the lives of 47 people, the UN has warned that a  quot;lack of security quot; is undermining the world body #39;s efforts to assist in elections set for January."
"Thanks Matt, now go get these made"
"Vodafone gets first bite of latest BlackBerry Vodafone has become the first UK mobile phone operator to offer Research In Motion #39;s latest mobile device, the BlackBerry 7100."
"I call tell there are some that are really awesome and get your vision, and there are a"
"If we vote for Hillary Clinton,"
"Nortel hints it won #39;t tell all Nortel Networks Corp., which plans to shed some light tomorrow morning on its financial performance for the first half of the year, hinted yesterday that those long-awaited results could be short on details. "
Egyptian army helicopters subsequently targeted hideouts of gunmen
"Home PCs sought in hunt for cancer cure Computer users are being asked to donate their unused processor power to help solve social and environmental research problems. The IBM-backed project, called World Community Grid, aims to put the untapped "
"Afghan government says drug smugglers were behind political attack &lt;b&gt;...&lt;/b&gt; KABUL, Afghanistan The Afghan government is blaming drug smugglers for yesterday #39;s attack on the leading vice presidential candidate ."
"Click, and the Deals Arrive at the Doorstep Now that all the holiday presents have been opened, it is time to do some real shopping  for the home, from the home."
"Fannie Mae to increase capital WASHINGTON, Sept 27 (Reuters) Fannie Mae would have to maintain 30 percent more capital than current rules demand it hold on its balance sheet, the Office of Federal Housing Enterprise Oversight, said in a statement."
"Profit Climbs at Procter and Gamble Procter   Gamble, the consumer products company, said quarterly profit jumped 14 percent, boosted by strong sales and a gain from the sale of its juice business."
"Sales of existing homes drop WASHINGTON - Sales of existing homes edged down a less-than-expected 0.1 percent in October as low mortgage rates continued to support a record year, a trade association report showed Tuesday."
Red Hat: Fake Emails Circulating Red Hat posted a notice on their web site about fake emails that purport to come from them. Here is the statement in its entirety:  quot;Red Hat has been made aware that emails are circulating that pretend to come from the Red Hat Security Team.
He made the explicit argument that this would be how black men
"Colleen started her one thing a day quest in January 2010, and almost"
SEOUL (Reuters) - Samsung Electronics Co Ltd is expected to widen its lead over Apple Inc in global smartphone sales
Warwick Daily News media sales manager and born-and-bred Graftonite Nick Inmon foolishly agreed to a workplace
Travelers with a German passport can enter 177
"Puerto Rico Stuns U.S. in Opening Round Puerto Rico upsets the United States, 92-73, at the men's basketball preliminaries on Sunday, the first loss at the Games for the three-time defending gold medalists since 1988."
"Sidebar: PeopleSoft Puts CRM App on BlackBerries OCTOBER 25, 2004 (COMPUTERWORLD) - PeopleSoft Inc. today will announce that it #39;s porting the sales force automation module from the latest version of its CRM software to Research In Motion Ltd."
"Total turn-off for tiresome TVs Like x-ray specs, the invisibility suit or the ever-lasting doughnut, it sounds too good to be true. But a US electronics expert is selling a tiny remote-control device that he claims can switch off any television at the push of a button."
Braves Win NL East; Dodgers Top Giants (AP) AP - The Atlanta Braves celebrated another division title in style. Shawn Green powered Los Angeles past San Francisco in an NL West showdown. Roger Clemens helped the Houston Astros keep pace in the wild-card race with another vintage pitching performance.
Fox not fazed by CNBC Rupert Murdoch said yesterday he expects to launch his new Fox business channel next summer and that it will be easy to compete against CNBC.
"But critics say Switzerland, a popular destination for many rich Russians and a centre for their banking and trading activities"
Many people have heard stories of elementary-age
"Mount St. Helens Packs Natural Arsenal (AP) AP - The boiling magma rumbling and rising within Mount St. Helens isn't the only thing scientists fear. When large volcanoes erupt they can unleash an awesome arsenal of natural weapons, devastating communities and landscapes even hundreds of miles from the blast."
"On Italian Isle, Migrant Plight Draws Scrutiny With hundreds crossing the Mediterranean, European leaders have been sparring over a plan to stem the flow of asylum seekers."
ADV: The New York Times Home Delivery Uncover financial insights for your business daily with The New York Times - the authority on market trend news and analysis. Now delivered to your home or business starting at \$2.40/wk.
Stop that blame game ATHENS -- Adam van Koeverden has a message for his fellow Canadian athletes -- quit whining about circumstances you can #39;t control.  quot;You can #39;t fall into a corner and cry and say the Canadian sports system has let me down. You have to do things for ...
MACY #39;S WEST ON THE ROMANCE OF THE TRADITIONAL STORE  quot;Some of the nostalgia stuff that people hark back to is lore and not fact. quot;. ON REACHING YOUNGER SHOPPERS  quot;They say that kids don #39;t want to shop where their parents shop.
EC anti-competitive ruling challenged by Microsoft today The European Commission ruled in March that Microsoft had indulged in anti-competitive behaviour with Windows and set a fine of 333mn plus orders to produce a version of Windows without the Media Player within 90 days or face further action.
Video phone help for deaf people Deaf people who use sign language could soon be using video phones to make calls.
Innocence of Muslims is a crude and trashy video that portrays the Prophet Mohammad
"Donald Trump was still a punch line, Hillary Clinton was poised to become the first female president,"
"Russia set to auction oil giants prize asset MOSCOW The government on Friday set the stage for the resolution of the  quot;Yukos affair, quot; setting an auction date for the prize asset of Yukos, the country #39;s No."
The Federal Court of Australia has ruled Aussies cannot
"U.S. Forces Turn to Iraqi Cities Beyond Fallujah As fighting winds down in a Fallujah returned by overwhelming force to the sovereignty of the new Iraq, U.S. forces are turning to the many other cities besieged by a fresh wave of insurgent attacks."
"PIMCO hit with \$50M fund settlement The PIMCO mutual fund group has agreed to pay \$50 million to settle fraud charges involving improper rapid dealing in mutual fund shares, the US Securities and Exchange Commission said Monday."
"Microsoft quarterly revenue hits \$9.1 billion Microsoft posted its first-quarter 2005 financial results last week, reporting revenue of US\$9.19 billion and net income of \$2.9 billion."
"Wal-Mart confirms near-term outlook Retailing titan expects same-store sales to increase by 2 to 4 in November, heading into holidays. CHICAGO (Reuters) - Wal-Mart Stores Inc."
"Update 1: AIG #39;s Net Income Up, Is Target of Probe Third-quarter net income at American International Group Inc., one of the insurance giants named an investigation into questionable sales practices, rose 7.5 percent in spite of higher catastrophe losses, but missed Wall Street #39;s forecast by a penny."
The intention of Kijera’s trip was to push back on the
"CA to cut 5 percent of work force Computer Associates International announced on Wednesday that it plans to cut 5 percent of its work force as part of a restructuring effort, a move that comes as the company seeks to rebuild itself after a long-running accounting scandal."
"Non-Farm Payrolls Grow by 112,000 The Labor Department said the unemployment rate in November declined to a three-month low of 5.4 percent from 5.5 percent. Wall Street economists were expecting non-farm payrolls to rise by 200,000 -- nearly "
"Exabyte adds new tape storage Exabyte has announced the release of the Magnum 1X7 LTO Autoloader, a 2U, rack-mountable, automated backup and restore system for less that \$5,000."
A Strategy for Shell? Shell outlined a profit strategy of modest acquisitions and no buybacks. Investors sold.
"Microsoft to launch search engine that competes with Google, Yahoo It #39;s going to be difficult, if not impossible, to beat Google at its own game. Google is king of the search engine world for a very good reason: Google works."
Congratulations to all you idiots who have been rooting
"Nikkei Dips Down, Yen Weighs on Exporters (Reuters) Reuters - Japan's Nikkei share average edged down\by midsession on Monday after erasing opening gains as investor\caution over the yen's rise offset optimism about the\post-election outlook for Wall Street."
"Korean Air Stun Guns Approved  The federal government has given approval for Korean Air Lines Co. to arm its crew members with stun guns aboard flights to and from the United States, but few other carriers have shown an interest in arming pilots with non-lethal weapons, the Transportation Security Administration said yesterday."
BAE Systems to Acquire Alphatech for  #36;88M (AP) AP - British defense contractor BAE Systems PLC said Tuesday that its U.S. subsidiary will acquire software maker Alphatech Inc. for  #36;88 million cash.
"Turkey eagerly awaits green light from Brussels on EU talks After more than 40 years at Europe #39;s doorstep, Turkey Tuesday eagerly awaited the European Commission #39;s green light to begin membership talks with the European Union -- but with some strings attached."
Casey and Donald seal World Cup win Casey sank the winning putt to beat Spain #39;s Sergio Garcia and Miguel Angel Jimenez by one stroke as England finished with a 31-under-par total of 257.
Innovation and Disruption Still Going Hand in Hand The technology-driven dislocation that has transformed one typesetter's business is spreading throughout the economy.
"Web coming to electrical outlets NEW YORK (CNN/Money) - Electric companies may soon join the fray of providing Internet services after regulators cleared the way for utility companies to offer broadband services through electrical outlets, according to a report published Friday."
"A tape-measure shot for Bonds #39; 700th would be just about right For the sake of argument, here #39;s hoping Barry Bonds #39; next home run ball travels 500 feet, minimum. In these days of inflated baseball, something monstrous for No."
"Antivirus subscription prices climb Troublesome Trojan horses, virulent worms, nasty viruses--sometimes it may seem like the Internet exists just to let the bad guys attack your PC."
"Israel's Sharon: Arafat Will 'Get What He Deserves' (Reuters) Reuters - Israeli Prime Minister Ariel Sharon\on Wednesday renewed his threat to remove Yasser Arafat, saying\the Palestinian president would ""get what he deserves."""
"Arrested for Drunken Driving, Phelps Makes an Apology After his arrest last week on drunken driving charges, the Olympic swimming star Michael Phelps said yesterday that he had made a mistake and would own up to the charges against him."
Monday morning's temperatures were in the lower 30s and
"Ancient bison done in by climate, not hunters Thousands of years before white and Indian hunters drove the buffalo of America #39;s Great Plains to virtual extinction, the ancestors of those lordly animals suffered a similar fate -- but it was major climate change, not hunting, that did them in, says an "
Loyalty study lists IT's top household names A report indicates that many giants of the industry have been able to capture lasting feelings of customer loyalty.
"Chechens Vote for New Leader; 'Bomber' Kills Self  ZNAMENSKOYE, Russia (Reuters) - Chechens voted on Sunday  for a new president in a tense election, but many doubted the  Moscow-backed police officer who was set to win would manage to  stamp out rebellion in the turbulent region."
"Spammers Using Authentication To Dodge Detection com. Spammers are trying to make their junk mail look more legit by adopting the same technologies intended to stem their message tsunamis, said a filtering firm Wednesday."
I thought it was going to be the end of all my problems -
"Celtics Expect Gary Payton to Report (AP) AP - Gary Payton's offseason was marked by a cross-country trade, a missed deadline for taking a physical and an arrest for investigation of driving under the influence. Now the people who run his new team, the Boston Celtics, are eager to see the point guard on a basketball court."
"NBC Chicago reported the video shows a group of black men and women kicking,"
"Delta Air Lines averts bankruptcy with pilot deal, faces more &lt;b&gt;...&lt;/b&gt; NEW YORK (AFP) - Delta Air Lines appeared to have averted imminent bankruptcy with a cost-saving deal with its pilots union, but still faces challenges ahead, analysts said."
FCC Clears Broadband over Power Lines Barriers The Federal Communications Commission (FCC) has cleared the way for Internet access over the same infrastructure that carries electricity to homes and businesses in America.
"Woolmer, Inzi under fire after Pakistan ICC trophy loss KARACHI: Captain Inzamam ul-Haq and coach Bob Woolmer came under fire Thursday for choosing to bat first on a tricky pitch after Pakistans humiliating defeat in the ICC Champions Trophy semi-final."
"There's a good ending and a bad ending (or 'light side' and 'dark side', rather, Star"
"“They are for children, and they are brutalizing children, they’re stultifying children"
No. 19 Michigan Defeats Indiana 35-14 (AP) AP - Michigan's Chad Henne needed one half to warm up Saturday. Then he spent the third quarter picking apart Indiana's defense.
"Minister says three British soldiers killed in Iraq LONDON - Three British soldiers in the Black Watch regiment, the forces moved closer to the Iraqi capital to back up American troops, have been killed in an attack, the government said Thursday."
"US Airways Files for Ch. 11 Bankruptcy  ALEXANDRIA, Va. (Reuters) - US Airways Group Inc. sought  bankruptcy on Sunday for the second time in two years, squeezed  by low-cost rivals, soaring fuel prices and a failure to win  new labor concessions."
"Office Depot Earns Fall, Blames Weather (Reuters) Reuters - Office Depot Inc.  on Wednesday\unveiled plans to muscle in on rival Staple Inc.'s turf to\boost sales and stem a fall in market share in the increasingly\cutthroat office supply business."
They sent the video below with nearly four minutes of ass shots of Punk
"Florida orange production expected to plunge (AFP) AFP - Florida's orange production is expected to plunge 27 percent from a year ago in the wake of four hurricanes that lashed the state in August and September, the US Agriculture Department said."
"“As the first company receiving such a health claim, we see new market potential both"
"Dinner in Geneva Led to Rumble in the Jungle  KINSHASA (Reuters) - When a guest at a plush dinner in  Geneva asked where Kinshasa was, she set off a chain of events  that led to one of the world's great sporting showdowns."
"FedEx Quarterly Earnings More Than Double (Reuters) Reuters - FedEx Corp., the world's top\air-express shipper, on Wednesday said quarterly earnings more\than doubled on strong revenue growth in its international,\ground and freight services."
"Moy #39;s moment as Spain celebrate Four years ago in Barcelona, when Spain won the Davis Cup for the first time, Carlos Moy cut a rather sad and slightly dejected figure, an outsider who was forced to watch from the periphery because of an injured back."
"Martinez Deal Finalized Martinez passes his physical, and the Mets finalize their \$53 million, four-year contract with the pitcher."
"Crude Oil Prices Rise on Winter Fuel Worries Crude futures prices rose Monday on concerns about tight heating oil supplies ahead of winter, strong oil demand in China and fears about a planned petroleum-industry lockout in Norway."
Sex abuse trials open on Pitcairn The tiny UK Pacific colony of Pitcairn puts seven men on trial for sex abuse in a case splitting local opinion.
"For Businesses, It #39;s Slow Going With Windows XP #39;s SP2 It could take months for many businesses to test and deploy Microsoft #39;s most-secure operating system. By John Foley. Despite the promise that Microsoft #39;s Windows XP Service Pack 2 release will make PCs more "
"Viewer's Guide: Perseid Meteor Shower Peaks Aug. 11-12 (SPACE.com) SPACE.com - Every August, when many \  people are vacationing in the country where skies are dark, the best-known meteor \  shower makes its appearance. The annual Perseid meteor shower, as it is called, \  promised to put on an above average display this year."
Trump suggested team owners should fire any “son
"Ford Posts Profit But Loses Money in Cars  DETROIT (Reuters) - Ford Motor Co. &lt;A HREF=""http://www.investor.reuters.com/FullQuote.aspx?ticker=F.N target=/stocks/quickinfo/fullquote""&gt;F.N&lt;/A&gt; on Tuesday  reported a higher-than-expected quarterly profit as strength in  its finance arm once again offset a loss in its automotive  business."
"Space Specimens Saved From Wrecked Capsule cientists think useful samples of all the many types of solar particles collected by the Genesis space capsule survived its crash in the Utah desert almost four weeks ago, promising researchers "
"Morgan Stanley, Bear Stearns profits stumble Morgan Stanley and Bear Stearns Companies posted a drop in quarterly profits on Wednesday, surprising some investors one day after two "
"I finally reached Leon by phone, he had just arrived from an Atlantic"
"And then, sure enough, Trout got his"
The justices seemed closely divided along ideological lines
"Multicore Chips May Push Intel Off Its Bus Chip giant will need to introduce integrated memory controllers or redesign its frontside bus, analysts say."
"Yankees: Brown #39;s fire sometimes burns a little too hot The flushed toilet turned the already hot water into a scalding stream from the shower nozzle. Kevin Brown bellowed, then stormed out of the stall, picked up a baseball "
"If you don't have information on ""MP improvements"" can you at least find out if"
Volland netted his effort for TSG 1899 Hoffenheim at home to
"SunTrust Banks to restate 1Q, 2Q profit ATLANTA -- SunTrust Banks Inc. said Monday that it expects to restate earnings higher for the first and second quarters of 2004 due to changes in loan loss allowances, and plans to delay its third-quarter "
"Alitalia, Cushy #39; Jobs Machine, Faces Cost Cuts (Update1) Every morning at 7:45, Alitalia SpA Flight 1022 leaves Rome #39;s Fiumicino Airport for Milan #39;s Malpensa Airport. An average of 80 seats on the Airbus 320, 60 percent of the total, are occupied "
Serie A Review: Round 14 Nothing changed at the top of Serie A as all top teams won their games to keep the distance between one another unaltered. Juventus came back from behind against Lazio to win thanks to another goal by Ibrahimovic 
"A hero, a monster, a Mideast icon As peace between Israel and the Palestinians waxed and waned over the decades, there was one constant amid the tumult: Yasser Arafat was at its centre."
"I stink at blogging, no really I do...by the way I"
"Still no fix for US space shuttle a large hole, quot; said Parsons.  quot;Our expectation is that we #39;ll fix the tank and there won #39;t be anything like that we #39;ll have to deal with."
"UPDATE 1-Wal-Mart sets \$10 billion share repurchase plan Wal-Mart Stores Inc. (WMT.N: Quote, Profile, Research) , the world #39;s top retailer, on Wednesday said its board of directors authorized a \$10 billion stock repurchase plan, replacing a \$7 billion share buyback program."
"Most importantly, it reflects the dangerously growing disenfranchisement of the race"
"The end of Genesis Launched in 2001, Genesis spent more than two years gathering samples of solar wind -- which normally doesn #39;t reach Earth #39;s surface."
"Florida Supreme Court puts Nader on state ballot (AFP) AFP - The Florida Supreme Court has ruled Ralph Nader can appear on state ballots as a presidential candidate, increasing the chance the maverick contender will again influence the outcome of the presidential election."
"Brocade #39;s Profit Rises Brocade Communications (BRCD:Nasdaq - news - research) increased fourth-quarter revenue by 13 and beat Wall Street #39;s earnings expectations by a penny, the maker of storage networking gear reported after the close Monday."
"""He threw my shoes in the trash, but"
"European Officials Seek to End Iran Nuclear Deadlock (Update1) British, French and German foreign ministry officials resumed talks with their Iranian counterparts in Paris today in a bid to ensure Iran #39;s nuclear program is limited to peaceful uses, the French Foreign Ministry said."
"Colony Capital to buy 4 Harrah #39;s, Caesars casinos An affiliate of Colony Capital LLC will buy Harrah #39;s casinos in East Chicago, Ill., and Tunica, Miss., and Caesars-owned Bally #39;s casino in Tunica and the Atlantic City Hilton in New Jersey for \$1."
"On December 8 the government of Moldova, an eastern European country of three million inhabitants"
"Fighting in Afghanistan kills 22 US forces backed by helicopter gunships killed 22 insurgents in southern Afghanistan, the US military said today. The fighting occurred late Sunday in Shinkay district of Zabul province, a hotbed "
Cartel inquiry claims Amcor chief The boss of packaging company Amcor has quit his post amid a growing scandal over allegations of price-fixing. Amcor said chief executive Russell Jones - along with top divisional head Peter Sutton - had both resigned.
A letter from the National Transport Authority (NTA) to South Dublin County Council last
"Lawyers For Florida Smokers Ask Justices To Punish Tobacco &lt;b&gt;...&lt;/b&gt; billion dollar class-action verdict. It was the largest award ever by an American jury. The smokers #39; lawyers, however, say the justices should reduce the amount if they think it is too large as long as they "
"Afghanistan releases Taliban prisoners Hundreds of Pakistanis who have fought alongside the Taliban against US-led forces have been released from an Afghan jail. The 368 prisoners, the last of more than 2500 Pakistanis captured during the overthrow "
"October will be no fall festival for Illini football team The season started with a four-game homestand and mixed results for the Illinois football team. Phase II begins today for the Illini, who head into a rugged October schedule with a Big Ten Conference game at No."
"Bush, Kerry Court Voters in New Mexico SANTA FE, N.M. - Bracing for their final debate, John Kerry accused President Bush of favoring ""friends in the oil industry"" over consumers strapped with rising fuel bills on Monday while Bush said his challenger so misunderstood the war on terror that he thought it could be reduced to ""a nuisance"" akin to prostitution or illegal gambling..."
"Chipsets Boost Wi-Fi Range by 50 Percent Broadcom said its Wi-Fi compatible BroadRange technology complies with IEEE 802.11 standards and could be integrated into a wide range of Wi-Fi products, from notebook PCs to routers and mobile phones."
"Call to lefty wasn't right one Jarrod Washburn is a starter by trade, not a closer, a man more accustomed to easing his way into games rather than nailing doors shut. Early in his career, the Angels lefthander saw his share of the relief biz, and it was just enough for him to know it wasn't really his calling."
"Visa and MasterCard sued by American Express Visa, MasterCard and eight banks have been sued by American Express for anti-competitive practices that led to damages as around 20,000 US banks were not able to use AE credit card products."
Photo 7 of 8: Global gamers clash for cash \$2.5 million in prize money is on the line as gamers from Uzbekistan to Ecuador compete in the World Cyber Games.
"Experts in corporate governance score Google at bottom of scale CHICAGO _ Google Inc. #39;s initial public offering may have captured investors #39; fancy, but a leading proxy voting advisory service says its corporate governance leaves a lot to be desired."
"China #39;s Minmetals in talks to buy Canada #39;s Noranda TORONTO : China Minmetals Corp has entered into exclusive talks to acquire mining group Noranda, the Canadian firm announced. Noranda said that after a special committee review of  quot;a number of proposals from "
Trailer Frenzy A special place to find the newest trailers
"For Martha, It #39;s Time to Do Time By serving her sentence now, the domestic diva gives her company a better shot at reviving its badly damaged fortunes. Although more famous for her artistic instincts around the home, Martha Stewart knows her math, too."
"Third Of Americans Think Viruses Won #39;t Strike Them About one in three Americans think it #39;s more likely they #39;ll be audited by the IRS or win the lottery than fall victim to a virus or worm, the non-profit National Cyber Security Alliance (NCSA) said Friday as it released the results of a September survey."
"As a result, the Northampton Saints hooker will be withdrawn from"
"Millwall: We #39;re not to blame The FA confirmed today that they will launch an investigation into the incidents, which began late in the second half as away fans alleged Millwall supporters had made taunts about the Hillsborough disaster in 1989."
"As stupid as it sounds, the only way to"
"Google to Sell Books Online Google has launched a new search technology that helps publishers sell books online. The service, called Google Print, will be incorporated into Google search queries."
8 most absurd lessons Americans teach kids about sex Your hard-earned tax dollars
"New tool identifies 'phishy' Web sites A new software tool from WholeSecurity Inc. can spot fraudulent Web sites used in online cons known as ""phishing"" scams, according to a statement from the company."
"Bank of England Leaves Rate Unchanged It was the fourth month in a row that the bank #39;s Monetary Policy Committee decided against changing the rate. The decision was widely expected following indications that Britain #39;s economy has slowed, and that "
"Sensitivity wins for News Corp The detail of the agreement News Corporation has struck with the Australian Council of Super Investors confirms the extent of the victory achieved by ACSI and its campaign partner, Corporate Governance International."
Here are the list of steps
Bernie Sanders (I-VT) and Angus King (I-
"Milan beats Lazio; Inter held to draw by Parma Andriy Shevchenko netted two second-half goals to rally 10-man AC Milan to a 2-1 win at Lazio on Sunday, lifting the defending league champion closer to the top of the Serie A standings."
Damn white men stealing an entire industry sector from the women of color who started it: Frederica Terman
"Or blood coming out of her wherever,"" Trump said of Kelly Friday night on CNN, a day after she"
"Shrugging Off Mutiny, Sharon Rejects Gaza Referendum  JERUSALEM (Reuters) - Israeli leader Ariel Sharon rejected  calls from within his mutinous cabinet Wednesday for a  referendum on leaving Gaza after winning parliament's support  to uproot settlements from land claimed by Palestinians."
"NCAA case no worry for Spurrier Shortly after Steve Spurrier arrived at Florida in 1990, the Gators were placed on NCAA probation for a year stemming from a child-support payment former coach Galen Hall made for a player."
"FTC Seeks to Delay Arch-Triton Merger Antitrust regulators have asked a federal appeals court to temporarily block Arch Coal Inc. #39;s \$364 million acquisition of Triton Coal Co. Ltd., pending court appeal. "
"In a series of tweets reacting to the news, Klay wrote, ""It's only during frightening times when you"
Outpost Firewall Pro Supports Microsoft Windows XP SP2 The upcoming Outpost Firewall Pro 2.5 operates seamlessly with XP SP2 to improve security and privacy. 
"With the every $50 breakdown, every"
Bell set for Test debut Ian Bell is almost certain to make his England Test debut on Thursday in the final match against West Indies. 
President Trump fired off a tweet Friday morning deriding the “ridiculous standard”
"Circuit City Cuts Quarterly Loss,Stock Up  NEW YORK (Reuters) - Circuit City Stores Inc. &lt;A HREF=""http://www.investor.reuters.com/FullQuote.aspx?ticker=CC.N target=/stocks/quickinfo/fullquote""&gt;CC.N&lt;/A&gt; on  Friday reported a narrower quarterly loss as it kept a tight  rein on expenses and sales of digital televisions and notebook  computers rose, sending its stock up 5 percent."
"You know, that whole notion that ""older women have trouble getting pregnant"
"terrence green says: I’m sure you have turned down films in the past, but is"
"Dollar Weighed Down by PPI, Trade Reports  NEW YORK (Reuters) - The dollar eased against major  currencies on Friday, as analysts fretted over the U.S. trade  deficit number for July, which came in narrower than expected,  but was still the second-highest on record."
I decided that I had to take a stand in the face of policies of segregation
"Sony, Samsung To Share Patents Samsung Electronics and Sony Corporation have signed a cross-license agreement, licensing those patents, which are considered to be the basic technologies necessary for product development."
"New Worm Installs Network Traffic Sniffer A new worm whose payload includes the SDBot trojan tries to install a  quot;sniffer, quot; seeking to use infected computers to capture login and banking information for other computers on the same network."
"""I knew he was a big guy and that he's not the kind of guy who"
"Insider Stock Sales Up in Apparel Sector  NEW YORK (Reuters) - Insider stock sales at U.S. apparel  companies jumped in September from a year ago, a sign that  investors should shun clothing companies' stocks as their  prices could drop further, a research firm said on Monday."
Vietnam official's son detained The son of a high-ranking trade official in Vietnam is arrested on fraud allegations.
"06 Shooting off the Dribble, Part 1 Once you build strong foundations in"
"Murdoch Sets Up Poison Pill Defense If any party acquires 15 percent or more of News Corporation, all the other shareholders will be able to buy up to \$80 worth of shares at half-price for every share already owned, under a  quot;poison pill quot; defense adopted by Rupert Murdoch."
"Gunmen kill 22 police in attacks in western Iraq Gunmen stormed police stations in western Iraq on Sunday and shot dead up to 22 Iraqi policemen in cold blood, a day after attacks on security forces killed 35 people, police and witnesses said."
"If you think Boot Camp and SOI have put you on the same operational plane as a Green Beret, CCT, Ranger,"
Getty Germans protested after hundreds of women were sexually
Although the games never really gripped the attention of my friends one thing remains the same since the
No LoC talks with Manmohan: Musharraf NEW YORK: Pakistan President General Pervez Musharraf has ruled out any talks regarding the re-adjustment of the Line of Control in Kashmir.
"Britain has prevented Sept 11-style terrorist attack: report (AFP) AFP - British security services have foiled an Al-Qaeda plot to fly planes into targets in London in a September 11-style attack, Britain's independent ITV News network reported."
Is it more to do with your diet or is
Israel may encourage moderate Palestinians The United States has reported encouraged Israel to help strengthen the position of moderate Palestinians in the wake of Yasser Arafat #39;s death.
"Roundup: Pippen retires Scottie Pippen on Tuesday announced his retirement from the Chicago Bulls, the team he and Michael Jordan led to six NBA titles in the 1990s."
"Waddles, now 67, proceeded to kiss the girl’s neck, put"
"Mutual Funds Opt to Liquidate Some of the nations more than 8,000 mutual funds are shutting their doors, as their manag- ers confront a lackluster stock market, great- er regulatory scrutiny and higher costs."
Israelis want peace says visiting minister JOHANNESBURG - A small group of pro-Palestinian supporters were escorted out of the Sandton Convention Centre here during a protest against a visit by Israeli Vice Prime Minister Ehud Olmert yesterday.
"While the clip above shows the most relevant bit, you can see the lead-"
"If you're wondering why we're opening presents late, thank"
Jefferson pledges to stay hungry Richard Jefferson promises to still be the first one in and the last one out every practice. This from a guy who has played more basketball than any NBA player over 
"When the men arrived in the hotel rooms, they would"
A Florida firefighter has been charged with aggravated manslaughter after his toddler
"Another medal, two records ATHENS -- Attention, ladies and gentlemen. For his next act, Michael Phelps will break an Olympic record, hurry to the warm-down pool for a swim, run to the locker room, pull on a warm-up suit, walk out to the pool deck and take part in ..."
"I want to apologize for the human scum that will look at you with a wary eye tomorrow at the subway, the"
"Brother of UK hostage urges Blair to plead for hostage release Paul Bigley, brother of Kenneth Bigley who is being held hostage by militants in Iraq, called on British Prime Minister Tony Blair Monday to step up efforts to win the release "
This Minecraft PE jungle seed get the game started with
"Packer backing lacking: Slow start depresses fans, sales The Packers #39; win over the Detroit Lions on Sunday was better than a good dose of Prozac for fans who were beginning to sink into depression over Green Bay #39;s dismal start this season."
"Chirac inaugurates world #39;s tallest bridge in France MILLAU, France (AFP) - As air force jets screamed overhead, French President Jacques Chirac inaugurated the world #39;s tallest bridge, a stunning masterpiece of engineering that will carry drivers 270 metres (885 feet) above ground."
"From tiny acorns... It was far from vintage Arsenal. The swagger and confidence of the opening month of the Premiership campaign was some distance away, but most importantly they began their Champions League campaign with three points."
On the contrary—I was ashamed because I had
Her entire chest felt as if someone had a hot needle and
Prices slump as stocks rise OIL prices extended heavy recent losses as United States government data showed crude stocks building for an eighth straight week ahead of winter.
Wash. GOP Gubernatorial Candidate Ahead (AP) AP - Republican Dino Rossi kept a razor-thin lead in the Washington governor's race as counties raced a Wednesday deadline for recounting 2.8 million ballots  #151; and girded for yet another possible recount.
"Stocks Slide as Insurers #39; Woes Offset IBM US stocks fell on Tuesday as New York Attorney General Eliot Spitzer #39;s probe of the insurance industry widened to the health sector, hammering shares of health insurers."
Struggling Tories and NDP hit Quebec battleground in weekend encounters (Canadian Press) Canadian Press - QUEBEC (CP) - Canada's national opposition leaders played local politics and stole ideas from other parties Saturday as they scoured Quebec for just the tiniest toehold.
Khalid was one of the organisers of the event to commemorate Parliament attack convict Guru and is also one
"File Deletion Flaw In Firefox Fixed The Mozilla Foundation #39;s Firefox stand-alone browser, which has been riding a wave of defectors from the security-plagued Internet Explorer, has a bug of its own, the open-source group recently announced."
"Intel Sets Upbeat Tone on Wall Street (Reuters) Reuters - U.S. shares are set to open higher on\Friday, buoyed by Intel Corp.  after the world's\largest chip maker raised its quarterly revenue target due to\strong demand, but all eyes will be on jobs data before the\opening."
Ice Skating: Poise and protest but Kerrs happy with fifth Scotland #39;s John and Sinead Kerr finished fifth in the prestigious Skate America competition in Pittsburg yesterday. It was the Livingston-based brother and sister combination #39;s best-ever result in an international 
Public anger has mounte­d after an explos­ives-laden
"Halliburton may ditch Iraq deal Halliburton may not rebid for contracts to support US troops in Iraq if the US army breaks up its contract, the company says."
"Two top female writers, an insult about"
"Oracle Says 61 Percent of PeopleSoft Stock Tendered (Reuters) Reuters - Oracle Corp. Friday said 61\percent of PeopleSoft Inc. shares were tendered for its\ #36;24-a-share offer, strengthening Oracle's hostile bid position\as it waits to see if PeopleSoft's board will remove the final\barrier to a deal."
"In Defense of Clapton's Layla Recently, GuitarWorld magazine published a list of top 100 of the worst guitar solos, riffs and licks of all time. I am a big sucker for this sort of thing, so I swallowed the \$7.95 price to purchase it, with a good expectation of what would be included. Just as literary scholars have a canon of great literature, the guitarist community has a canon of really awful guitar solos - including, for instance, Neil Young's infamous one-note Cinnamon Girl solo, anything by Van Halen, and anything played by Kurt Cobain. When I turned to the list, I suffered a cruel, horrible shock."
"On February 25, the protest groups scored their first big win when Splash, an event marketing brand"
NWA drops agent charge Northwest Airlines Corp. canceled controversial fees on tickets bought through some travel agents after the agents and fare distributors objected and rivals didn #39;t match the higher cost.
“This brings relief from some very anxious moments for
"Human chips more than skin-deep Better health care and fraud protection may sound good, but are they worth the potential privacy trade-offs?"
"Space station crew to search for AIDS vaccine The next crew of the International Space Station (ISS) is to contribute to the Russian search for a vaccine against AIDS, Russian cosmonaut Salijan Sharipov said on Friday."
"Orange makes phones talk to the blind PARIS - Orange SA will offer blind customers a software application designed to make their mobile phones talk to them, as part of a new package of services for the visually impaired that will go on sale in France Thursday."
Outdoor Life confirmed filing of the suit with
"“If they [politicians] go on pushing us to the edge, if they"
"The rest voted for it with the united Democrats, which"
"Federer aims to put out New York #39;s Bush fires For once, when the US Open kicks off in New York tomorrow it won #39;t be the biggest show in town. The Republican convention, with its threatened attendant demonstrations "
AMD adds mobile processor to Athlon 64 lineup 2GHz chip is the highest performing processor in AMD's family of low-power Mobile AMD Athlon 64 products.
"Mukesh replies in the name of the father MUMBAI, NOVEMBER 22 : Five days after rattling the markets and corporate India with his statement on TV about ownership issues in the Rs 99,000-crore Reliance group, Reliance Industries chairman Mukesh Ambani did some damage control on Monday."
Drawn and Quartered It wasn #39;t supposed to end like this for Pau Gasol and Spain. Not after the way things were going in this Olympics. The Spaniards finished group play an undefeated 5-0 
"UPDATE 3-Citigroup to shut Japan trust bank, promises oversight Citigroup (CN: Quote, Profile, Research) said on Monday it would shutter part of its Japanese trust business and promised sharper oversight of its remaining operations "
The device is backed by an unspecified octa-core processor running at 1.5 GHz
Lenehan in finding Bassam Al-Rawi not guilty on
"HRC said coalition members represent 4.2 million employees, have combined revenue"
Pro-hunt demo at Hain's home A demonstration by pro-hunt campaigners is being held outside Peter Hain's home in south Wales.
"Oil prices fall nearly 5 to below \$53 a barrel Oil futures prices sank nearly 5 percent yesterday, dropping below \$53 a barrel, as concerns about tight winter-fuel supplies eased, at least temporarily, and traders turned their attention to rising US inventories of crude."
"Stranded in the remote Iranian village of Kuhpayeh by car trouble, a journalist is approached by Zahra, a woman with a harrowing"
"If you reveal it, hundreds of thousands of Americans may die in a future attack"
Diebold to Settle E-Voting Suit The company will pony up \$2.6 million to settle a lawsuit over allegedly flawed electronic voting systems it sold to California counties. Surprise: E-vote activists still aren't happy.
"UK central bank leaves rates in place The Bank of England on Thursday left its benchmark interest rate unchanged, at 4.75 percent, as policy makers assessed whether borrowing costs, already the highest in the Group of Seven, are constraining consumer demand."
"After squeezing rebels, India's northeast ignites Over the weekend, a series of attacks killed more than 50 people in the states of Nagaland and Assam."
"The woman, Reza Gul, 20, was attacked by her husband with a knife on Sunday"
Hollywood Wants BitTorrent Dead Hollywood movie studios on Tuesday launched new legal action against operators of sites that help connect people to movies on two major peer-to-peer filesharing networks.
"Airlines vicious circle of weak finances and low morale It is a management truism that low morale among workers leads to low productivity, low quality, erosion of customer loyalty and, ultimately, lower profits."
"GM Staff Call Off Work Stoppage at Bochum  BOCHUM, Germany (Reuters) - Workers at a General Motors  plant in Bochum, Germany, swallowed their anger over job cuts  and voted on Wednesday to end a seven-day stoppage that has  disrupted output at three other GM car factories."
Hynix Under Investigation for Cooking Books It has been revealed that Hynix Semiconductor (formerly Hyundai Electronics) cooked the books to nearly W2 trillion during the latter half of the 1990s and corrected the total misstated amount over several years.
"Trump hasn’t, and the media hates him for it,"
"i conksunked his boots, touched his imigrants the chips had just started to fall now after that"
"""The United States condemns the perpetrators of these murders and"
"Group Seeks Ways to Prosecute Cybercrime Governments and private sector officials from around the world sought ways Thursday to jointly combat cybercrime, whose growth mirrors the phenomenal rise of the Internet #39;s popularity."
Pennington Scheduled To Start for the Jets Quarterback Chad Pennington is scheduled to return to the New York Jets #39; lineup tomorrow against the Houston Texans at Giants Stadium.
This definitely helped set the mood of the film
We lash out at Jay Cutler after his bad games
“These arrests should serve as a warning that the Justice Center and the District Attorneys of this state will not hesitate
"Wal-Mart Raises Full-Year Profit Outlook (Reuters) Reuters - Wal-Mart Stores Inc. ,  the\world's biggest retailer, on Tuesday raised its profit forecast\for the full year."
"Arabs are not responsible for atrocities THE Western media is deceiving the world into thinking that the Arabs are responsible for the atrocities that have driven 1.3 million people out of their homes in Darfur, Sudan, according to a former member of the West Darfur parliament."
Five women have come forward in recent weeks to say
Quieroz defends under-fire Rooney REDS coach Carlos Quieroz believes Wayne Rooney has received an excessive amount of criticism due to being a Manchester United player.
"German unemployment rises again Official figures show that unemployment rose sharply in Germany in September, a sign that the economy remains weak."
Especially when the UK’s home-grown renewable energy industry is
Ibrahimovic completes Juve recovery ROME (AFP) - Zlatan Ibrahimovic scored his seventh league goal of the season as Juventus came from behind to defeat Lazio 2-1 and restore their four point lead at the top of Serie A. Defending champions AC 
"Graeme Souness says the people who attacked Manchester United's team bus are """
"Pakistan, India agree to reopen second rail link ISLAMABAD: Pakistan and India on Friday ended a two-day meeting on reviving Khokhrapar-Monabao rail link and agreed to take necessary steps for an early resumption of the train service."
"Democrats signing up more new voters: report (AFP) AFP - Democrats have far outpaced Republicans in efforts to register new voters in two key US states, according to the New York Times, which conducted a county-by-county analysis of registration data in Ohio and Florida."
"Apple Computer face further payout to Beatles #39; company Apple Computer, maker of the iPod music player and online iTunes Music Store, is likely to be forced into a multimillion-pound payout to Apple Corporation, the Beatles #39; management "
"Shippers: Venezuela Oil Unfazed by Poll (Reuters) Reuters - Oil exports by Venezuela\have not been disturbed by the referendum on the rule of\President Hugo Chavez, shipping sources said late Sunday."
"No. 9 Tenn. Tops Louisiana Tech 70-59 (AP) AP - Alexis Hornbuckle scored 17 points for ninth-ranked Tennessee, which beat Louisiana Tech 70-59 Wednesday night to give the Lady Techsters consecutive losses at home for the first time in 14 seasons."
"CARE suspends operations in Iraq following kidnapping of aid &lt;b&gt;...&lt;/b&gt; (Sydney, Australia-AP) Oct. 20, 2004 - Australia #39;s government says it #39;s working with the British and Iraqi governments to help win the release of an aid worker kidnapped in Baghdad."
"I don’t know if you were born a Jew, converted to Judaism or if you are a fake"
What future for the Palestinians? The death of their symbol could force the Palestinians to choose between negotiating for the best deal they can get or continue fighting for a dream.
Rise of the Robots: Segway Platform Gives Mechanoids Motion (SPACE.com) SPACE.com - A military project aimed at building smarter robots has given researchers the wheels they need to make their automatons go.
JOSE IN A MUTU WALK-OUT JOSE MOURINHO stormed out of a Stamford Bridge press conference yesterday after he was quizzed about drug-cheat striker Adrian Mutu.
"Dillon Remains Questionable for Sunday  FOXBORO, Mass. (Sports Network) - New England Patriots  running back Corey Dillon is still listed as questionable for  Sunday's game against Seattle with a foot injury."
"Charity boss kidnapped in Iraq A director of an international charity in Iraq has been kidnapped as she was being driven to work in Baghdad. Margaret Hassan, a British-born Iraqi national, was abducted in the capital, CARE International UK said in London."
Brazil uncovers corrupt officials Federal prosecutors in Brazil say they have identified 137 politicians and more than 400 officials involved in a corruption scandal.
"Plane Crashes Won't Hurt Putin In Chechen Vote   MOSCOW, Aug. 28 -- His government had just suffered one of Russia's worst terrorist attacks, apparently stemming from a war he has  neither won nor ended. Then he attempted what critics considered a clumsy coverup  before a key election."
Analysts: Lenovo an Odd Inquirer for IBM #39;s PC Biz A report in The New York Times that IBM is poised to sell off its PC unit has provoked mixed reactions and tentative interpretations from analysts who follow the historic company.
Penalty  #39;Touch and Go #39; - Rio Manchester United stand-in skipper Rio Ferdinand tonight claimed the controversial penalty given after Wayne Rooney went down in the box against Arsenal at Old Trafford was touch and go.
Al Qaeda's Zawahri Says Will Keep Fighting U.S.  DUBAI (Reuters) - Al Qaeda's deputy leader Ayman al-Zawahri  said in a videotape broadcast Monday al Qaeda would continue to  attack the United States until Washington changed its policies  toward the Muslim world.
SIPTU opposed to Aer Lingus privatisation SIPTU has said it is strongly opposed to any privatisation of Aer Lingus as pressure mounts on the Government to make a decision on the future funding of the airline.
Tommy Hilfiger steps into Karl Lagerfeld brands PARIS (AFP) - US fashion company Tommy Hilfiger announced it had bought up clothing brands belonging to the stylist Karl Lagerfeld for an undisclosed sum.
"Not to mention, at a possible future date,"
"ONE of Queensland's most violent prisoners, who threw urine and"
"Bonds #39; place in history is sadly tainted He #39;s probably going to hit more home runs than anyone else who ever played, more than Henry Aaron, more than the Babe, more than Willie Mays, Frank Robinson and all the others."
"Arpaio, 80, has earned headlines nationwide as a"
"Computing  #39;falls short BERKELEY, Calif. (CBS.MW) -- The computing problems to be solved in the next two decades will be more exciting than those that already have been solved, according to Microsoft #39;s Bill Gates."
"Bush Defends Iraq War in Second Debate ST. LOUIS - In a debate rematch Friday, President Bush defended his invasion of Iraq and said ""I wasn't happy when we found there weren't weapons"" that prompted his administration to go to war against Saddam Hussein..."
"Carter Out for Season for Seminoles (AP) AP - Florida State tight end Donnie Carter will miss the upcoming season with a torn right knee ligament, coach Bobby Bowden said Saturday."
"""All it means is that I'm not an ignorant fool, and that I don't ignore"
"US forces pound Falluja US forces have stepped up pressure on Iraqi fighters in Falluja, using AC-130 aircraft and tanks to pound eastern and northwestern areas of the town."
"Cassini spacecraft explores hazy Titan The Cassini spacecraft, which provided scientists with amazing images of Saturn #39;s rings in July ( quot;Cassini-Huygens completes seven year journey to Saturn, quot; The Triangle, July 9, 2004) is now trying to repeat the feat with Saturn #39;s largest moon, Titan."
"Gawker, along with its founder Nick Denton, was forced into bankruptcy after it was"
"Pope declares controversial figures blessed Pope John Paul has declared two controversial figures blessed - the last stage of beatification before sainthood. One of them is Emperor Karl of Austria, a devout Catholic, who has been criticised for authorising "
Equipment Donated to Convention Is Passed to Schools Telephones and computers that were donated for use at the Republican National Convention will now be used to improve security and enhance New York City public schools.
"QWERTY keyboard for mobiles The BlackBerry 7100 Series handsets are the first wireless devices to feature SureType with large,  quot;optimally placed quot; keys that allow one-handed or two-handed operation."
“The only thing worse than being a porn star and a hooker
"Terriers are unable to go out in style After Boston University's 2-1 loss to Minnesota last night at Walter Brown Arena, the last game BU will play at the Babcock Street building, nearly half of the Terrier squad trudged down the runway to their locker room."
Business leaders said that would limit foreign investment and
"NASA worker pleads innocent to faking inspections A former NASA safety inspector accused of falsifying examinations of crucial parts on the space shuttle Discovery pleaded not guilty Friday in federal court, and his attorney called him  quot;meticulous in his work."
"Linux Group Pushes for Greater Standardization A number of the larger Linux developers like Red Hat and Novell are likely to back the plan, bolstering its uptake in the market. The agreement aims to ensure compatibility between Linux versions "
Putin woos Ukraine with a Russian common market The choice in Sunday's presidential election: move closer to Europe or Russia?
"Likud voters want Sharon to pursue coalition: poll JERUSALEM: Most members of Israel #39;s ruling Likud party want Prime Minister Ariel Sharon to press on with talks to widen his coalition despite a vote by the Likud executive barring any such move, a poll showed on Friday."
"Hashemian facing Champions dilemma MUNICH, Germany -- Bayern Munich are expecting Iranian striker Vahid Hashemian to travel to Israel for this week #39;s Champions League match, an act which could put him in trouble in Teheran."
"Blasts and Fighting in Baghdad Kill at Least 8  BAGHDAD, Iraq (Reuters) - Strong explosions shook central  Baghdad at dawn on Sunday and heavy fighting erupted in a  street notorious as a rebel stronghold, in violence that killed  at least eight Iraqis, the U.S. army and witnesses said."
"Bypass surgery is done to improve blood flow to the heart,"
Russia warns West on Chechen issue MOSCOW Russia warned the West on Thursday not to interfere in its policies toward Chechnya and said the granting of political asylum to rebel figures by Western governments only worsened problems for most Chechens.
I thought it was the biggest load of
"In the popular imagination, the Nazi concentration camp now features"
"The Post-Merger Pervasive (TechWeb) TechWeb - With more native drivers than ever, Pervasive Software's data integration suite packs a punch."
"Casino workers end strike in Atlantic City ATLANTIC CITY, NJ -- Thousands of cocktail waitresses, housekeepers, bellhops and other workers returned to their jobs today, ending a monthlong strike that hit them in the pocketbook and cost this gambling town visitors."
"EBay Adds 'Want It Now' Feature  SAN FRANCISCO (Reuters) - EBay Inc. &lt;A HREF=""http://www.reuters.co.uk/financeQuoteLookup.jhtml?ticker=EBAY.O qtype=sym infotype=info qcat=news""&gt;EBAY.O&lt;/A&gt; has added a  new ""Want it Now"" feature for people to request exactly what  they want on the online marketplace, a spokesman said on  Friday."
Nigeria rebel leader cites deal A rebel leader who had threatened to attack multinational oil interests in Nigeria says he and President Olusegun Obasanjo have agreed that rebel and government troops will stop firing on each other immediately.
The Mormon crickets and eating everything in
"EU Nations Cling to Biotech Bans on Monsanto, Syngenta, Bayer Monsanto Co., Syngenta AG and Bayer AG failed to win wider access to the European Union #39;s biotechnology market when a demand that five nations lift bans on some gene-modified foods allowed elsewhere in the EU was blocked."
"Gates. The grass isn #39;t so green on the other side With spam amounting to about 80 of total email traffic, you think that Bill Gates would have thought up some fantastic way of filtering it."
Italy #39;s Brugnetti Upstages Perez in 20km Walk ATHENS (Reuters) - Italy #39;s former world champion Ivano Brugnetti returned to the limelight to upstage favorite Jefferson Perez and win the Olympic men #39;s 20km race walk on Friday. 
"Flaw Makes Bike Locks Easy to Crack Kryptonite, stung by revelations that some of its bicycle locks can be pried open with nothing more than the hull of a ballpoint pen, offered to provide free upgrades to customers who purchased the vulnerable locks."
"In the beginning of the year, the Washington Post ran an opinion piece from AlterNet editor Terrell Jermaine Starr with"
"Conviction of American in Peru Upheld The Inter-American Court of Human Rights has upheld the conviction of an American woman imprisoned in Peru for terrorist collaboration with Marxist guerrillas, President Alejandro Toledo confirmed Thursday."
"Bomb Blasts in Baghdad Kill at Least 16 -Police  BAGHDAD (Reuters) - Insurgents detonated at least two bombs  near a U.S. military convoy in southern Baghdad on Thursday,  killing at least 16 people, while a suicide bomber killed two  Iraqi police and a U.S. soldier west of the capital."
Six found guilty in Pitcairn trials ELEANOR HALL: Now to the judgment in the sex abuse trial on Pitcairn Island. A short time ago the court on the Island handed down a guilty verdict against all but one of the seven men who had been charged with offences ranging from indecency to rape.
"Hassan not kidnapped by Iraqi rebels Rebels commanders in the Iraqi city of Falluja said that they are not holding Margaret Hassan, the director of CARE International in Iraq who was kidnapped three days ago, and condemned her kidnapping."
"On the album’s first track, El-P calls his rap peers “vaginas for the fame;” on the second, he exhorts the naysayers in the"
"Iraq Rebels Strike Before U.S. Attack on Falluja  FALLUJA, Iraq (Reuters) - Rebels shot dead 21 Iraqi  policemen in cold blood on Sunday, a day after killing 34  people in attacks on security forces, in a clear show of force  ahead of an imminent U.S. offensive on insurgents in Falluja  and Ramadi."
"Vodafone unveils advanced service LONDON Vodafone, the world #39;s biggest mobile phone operator, introduced long-delayed services like video calling across much of Europe on Wednesday, showing its cards four years after it got caught up in a \$100 billion-plus bidding frenzy that gripped the "
Knee injury benches Eagles' Kalu for season Philadelphia Eagles defensive end N.D. Kalu will miss the season after tearing the anterior cruciate ligament in his right knee during yesterday's practice.
"For some reason, when you put a hoppy beer in a pint can"
No. 14 Texas Overwhelms North Texas 86-57 (AP) AP - Brad Buckman scored 18 points and blocked seven shots to lead No. 14 Texas to an 86-57 victory over North Texas on Tuesday night.
High court to hear wine case Juanita Swedenburg first planted grapes 24 years ago to help pay the taxes on her 130-acre Valley View Farm near Middleburg in the heart of Virginia #39;s hunt country.
Safin stands in path of Henman Tim Henman faces a must-win clash against Russian Marat Safin on Saturday as he bids to reach the semi-finals of the Masters Cup in Houston.
"Smithfield #39;s 1Q Profits Beat Outlook Pork processor Smithfield Foods Inc. said Thursday that improved profitability in the hog production segment, combined with strong results in pork, offset lower earnings in the beef segment to push first-quarter profits above revised expectations."
"Your PC may be less secure than you think A survey conducted by internet service provider AOL found that 20 percent of home computers were infected by a virus or worm, and that various forms of snooping programs such "
"Anorexic Girls Bond on Web to Dismay of Doctors (Reuters) Reuters - An underground subculture of\teenage girls who bond over their eating disorders and glorify\bone-thin celebrities has surfaced on the Internet, in a\growing trend that experts say frustrates treatment."
"Google sales, profit double on ad revenue Google Inc. said third-quarter profit and sales more than doubled as it sold more advertising and attracted more Internet surfers to its Web sites."
"Toronto doctor changes story under cross-examination, panel hears (Canadian Press) Canadian Press - TORONTO (CP) - A Toronto doctor accused of co-signing thousands of prescriptions without seeing patients changed his story several times under heated cross-examination at his disciplinary hearing Thursday."
"Suicide Bomber Kills 12 in Attack on Iraqi Police  BAGHDAD (Reuters) - A suicide car bomber plowed into  policemen waiting to collect their salaries at a police station  west of Ramadi Monday, killing 12 people in the latest  insurgent attack on Iraq's beleaguered security forces.  At least 10 people were wounded in the blast, and 90 percent of  the casualties were policemen, said Nazar al-Hiti, a doctor in  the town of Hit around 125 miles west of Baghdad, where the  dead and wounded were taken."
Alcohol never completely disappeared from the city which for more than two years was the de facto Iraqi
McGrath celebrates 100th Test by punishing India #39;s top order Fast bowler Glenn McGrath celebrated his 100th Test appearance by sparking India #39;s top-order collapse Wednesday as Australia took charge of the third Test.
"Cisco's router market takes a hit Company reports a decline in its router business during its quarterly earnings, which barely met analyst expectations."
"Intel Cuts Back Projection For 3rd-Quarter Revenue Intel Corp. lowered its revenue projections for its third quarter yesterday, citing slow consumer purchases across the globe. The world #39;s largest chipmaker reported that it expects revenue for the three-month period ending Sept."
South Africa ponders bid to grill Thatcher The request is from Equatorial Africa over alleged ties to a plot to oust the president. CAPE TOWN -- South Africa is considering a request by Equatorial Guinea to question Mark Thatcher about his alleged 
"Entries just can't keep pace As expected, none of the four United States entries survived yesterday's second set of Olympic rowing semifinals, leaving just four boats -- the men's and women's eights, the men's double sculls and the women's quadruple sculls -- going for medals this weekend, five fewer than in Sydney four years ago."
"Time Warner #39;s net profit down 8  MUMBAI: For the third quarter ended 30 September, the media and entertainment conglomerate Time Warner recorded a net income of \$499 million."
"Dumb, dumb, dumb!

UPDATE: OOPS! I think that ace Action4 anchorman Ron Burgundy himself scooped me (in between"
"Yahoo Extends Microsoft Ad Deal Yahoo Inc. has agreed to extend its deal to place advertisements on Microsoft Corp. #39;s MSN sites in the United States and overseas by one year through June 2006, Yahoo said on Thursday."
"I purchased this book because I’ve been a big fan of Penn Jillette,"
"Space Race Focuses on Money Burt Rutan and Paul Allen #39;s spunky-looking little spaceplane had just returned to the runway after winning the \$10 million Ansari X Prize, and prize founder Peter Diamandis had a message for investors around the world who might be watching."
"Building Space Houses On Earth An ESA-designed house that uses technology designed for space could become the basis of the new German Antarctic station, Neumayer-III. The new station has to meet stringent laws set up to protect the Antarctic environment, which is where the use of space technology comes in."
Pittsburgh Steelers wide receiver Antonio Brown (84) is tackled by New England Patriots free safety Devin
"Helicopter Stunt Pilots to Snag Stardust for NASA PASADENA, Calif. (Reuters) - NASA has recruited two Hollywood helicopter stunt pilots for an especially tricky maneuver -- snagging a capsule full of stardust as it parachutes back to Earth next month, mission managers said on Thursday. "
"Sturrock leaves Southampton Manager Paul Sturrock has left Southampton by mutual consent, becoming the first managerial victim of the season after only two Premiership games."
I ran them through a rough sanding to smooth them out some
"Former OAS Chief Under House Arrest in Bribe Probe  SAN JOSE, Costa Rica (Reuters) - A Costa Rican judge on  Saturday put the former head of the Organization of American  States under house arrest for six months while he is  investigated for bribery claims, judicial officials said."
FCC expected to keep states off VoIP #39;s back The nation #39;s top telephone regulators are widely expected to decide on Tuesday to further deregulate Internet phone services from Vonage Holdings and others.
It was accompanied by a gif of actor Steve Carell in character as
"He is a second-time federal offender currently on a six-year,"
Section 181.21 prohibits a person from performing oral suction during a circumcision unless that
"Japan Ministers Pay Homage at Shrine for War Dead  TOKYO (Reuters) - Three Japanese ministers paid homage at a  controversial shrine for war dead Sunday, the 59th anniversary  of Japan's World War II surrender, a move that drew anger from  Asian neighbors."
"Report: IBM To Spin Off PC Unit (NewsFactor) NewsFactor - IBM (NYSE: IBM) is selling its PC business, marking the end of an era for the\personal computing pioneer, according to a story published today in the"
Washington is a parasite that sucks
"Android now claims 43 percent of the smart-phone operating system market, compared with 28 percent"
"MGM Mirage Profit Up on Las Vegas Tourism  NEW YORK (Reuters) - Casino operator MGM Mirage &lt;A HREF=""http://www.investor.reuters.com/FullQuote.aspx?ticker=MGG.N target=/stocks/quickinfo/fullquote""&gt;MGG.N&lt;/A&gt; on  Wednesday reported higher third-quarter earnings as tourism and  gambling at its Las Vegas resorts boomed."
"Bears Safety Mike Brown Out for Season (AP) AP - Chicago Bears safety Mike Brown will miss the rest of the season after tearing his right Achilles tendon in a victory over Green Bay, coach Lovie Smith said Monday."
"Israelis Fire Missile at Gaza Refugee Camp An Israeli aircraft fired a missile Sunday at a Palestinian target in Gaza #39;s Jebaliya refugee camp, witnesses said. Ambulances rushed to the scene, but it was not "
"U.S. Marine Killed in Western Iraq (Reuters) Reuters - Insurgents have killed a U.S. Marine in\western Iraq, the U.S. military said on Friday."
"But seriously, folks One thing about the up-and-down world of the NFL: You can't shy away from teams coming off bad performances, because that would leave you with no one to pick."
"Ships from Georgia, Romania, Turkey, Ukraine and the U.S. departed the port of Odessa and the"
Whoever is behind the signs took care to imitate the font of the one
"ADV: Instantly Lower All Your Monthly Bills Get a low refinance or home equity rate, including \$150,000 mortgage for under \$690/mo. Also save on your cell phone bill, long distance calls, credit card payments, auto insurance and more."
"Orange Revolution After many years under the rule of the corrupted government there is a new  hope for Ukraine: the new presidential elections. Among 28 candidates the   2 primary are the opposition candidate Victor Yushchenko (reformer which   served as the Prime Minister in the past and was allegedly poisoned 1 month  before the first tour of the elections) and the government's candidate Victor  Yanukovich (twice convicted in the past of rape and organized robbery,   currently serving as the Prime Minister, having strong ties with mafia clans   and holding in iron fist authorities across Ukraine). "
Mario Capecchi’s earliest memory is of German officers knocking on the door
"Arnold Vetoes Privacy Bill California Gov. Arnold Schwarzenegger says the bill, which would have required businesses to tell employees that their e-mail and internet usage were being monitored, was overly broad. By Mark Sullivan."
"Brazil's Trade Surplus Is Biggest Ever (AP) AP - Brazil racked up its biggest trade surplus in history last year, but the country's export boom of everything from soybeans to automobiles is expected to ease in 2005."
"Lackluster Els Slips Behind Drummond at Wentworth  VIRGINIA WATER, England (Reuters) - Defending champion  Ernie Els trailed unheralded Briton Scott Drummond by one hole  midway through their first-round match in the World Match Play  Championship at Wentworth on Thursday."
"Veritas releases OpForce 4.0 Veritas Software on Monday will announce a new version of its OpForce provisioning software designed to make it easier for administrators to install and manage applications, as well as operating systems, on servers."
"Lehman finishes T-4 at Greensboro GREENSBORO, NC -- Tom Lehman called a one-stroke penalty on himself during Sunday #39;s final round of the Chrysler Classic of Greensboro."
Losing 60 years of experience STUART Rose conceded that more than 60 years of Marks  amp; Spencer experience was walking away with the clutch of top-tier departures.
"BC's Bulman ready to tackle Mountaineers Long before the college football season started, followers of Boston College and West Virginia were eyeing Nov. 13 on their schedules. With Miami and Virginia Tech gone to the Atlantic Coast Conference, it seemed likely that the battle for the Big East title, and a trip to a BCS bowl, would be contested between the Mountaineers and Eagles, 1-2, respectively, ..."
Spam Slayer: Tracking Spam to Its Source Legitimate mortgage lenders inadvertently support--and get tangled in--spam traps.
Nicaraguans Vote in Municipal Elections (AP) AP - Nicaragua's leftist Sandinista Front sought to capitalize on the recent fracturing of a rival party during municipal elections Sunday amid ongoing attempts to remove the country's president from office.
This isn’t the first time an iconic horror actor has had a blink
"Hamilton fired by Phonak Olympic gold medalist Tyler Hamilton #39;s professional cycling team has fired him after he failed doping tests. Phonak was refused a racing license by the UCI, prohibiting them from competing in the Tour de France and other elite events."
"VeriSign Loses Round Against ICANN VeriSign (Quote, Chart) has come out on the losing end in its breach of contract and antitrust lawsuit against the Internet Corporation for Assigned Names and Numbers (ICANN)."
You'll even wait for a parking space to open up instead of driving to an open space just a
Nikkei sharply up on strong tankan TOKYO (CBS.MW) - Japanese stock indexes rose by midmorning Friday after the central bank #39;s closely watched tankan business sentiment survey showed a better-than-expected confidence among large manufacturers.
Ukraine's Opposition Sees Path to Victory (Reuters) Reuters - Ukraine's opposition presidential hopeful\Viktor Yushchenko said on Wednesday parliament's vote to root\out cheating in elections opened the way for him to win a\re-run of a rigged poll.
"Update 4: Tokyo Stocks Close Higher, Dollar Up Tokyo stocks rebounded on Thursday from a nine-day drop, after Wall Street #39;s overnight rise. The US dollar was lower against the Japanese yen."
"Fed, Corporate Forecasts to Set Tone  NEW YORK (Reuters) - Stocks should stay firm next week if  the Federal Reserve says the economy is recovering and if  corporations entering the heart of the so-called confession  season go slow on profit warnings."
"From Behind the Scenes, Rice on Stage Administration officials said President Bush might name Condoleezza Rice as secretary of state as early as Tuesday."
"Hollywood sues over home theatre A FILM industry group has sued a high-end consumer electronics company, claiming its home theatre jukebox system makes illegal copies of movie DVDs."
Source: Movie Industry To Sue Computer Users LOS ANGELES -- A source said Hollywood studios are preparing to file copyright infringement lawsuits against people they say are illegally sharing movies online.
Australia to Upgrade Embassy Security (AP) AP - Australia's foreign ministry said Wednesday it will boost security spending at its embassies by  #36;52 million after a terror attack on the U.S. consulate in Saudi Arabia left nine dead earlier this week.
"At 1st, 7th, 13th, and 19th levels, the sanguine sorcerer gains a feat in"
"Two Allawi relatives released by kidnappers in Iraq CAIRO - Two female relatives of Iraqs interim Prime Minister Iyad Allawi have been released by their kidnappers after being held hostage for just under a week, Arabic news channels reported late on Sunday."
Those who find him impressive are as small
"US Second-Quarter GDP Downgraded The US economy grew more slowly in the second quarter than first thought amid shrinking corporate profits and higher imports, the government said on Friday in a report "
"Arctic warming is good news for oil companies, but not for &lt;b&gt;...&lt;/b&gt; Scientists have worries about the Arctic warming as they have determined that the ice in Greenland and the Arctic is melting too rapidly ."
Shuttle loses March-April window The US space agency (Nasa) has pushed back the return to flight of the space shuttles until May at the earliest. The Discovery orbiter was due to launch in March or April on a mission to the International 
"Carmen Van Kerckhove coined the term hipster racism in the article ""The 10 Biggest Race and Pop Culture Trends"
NVidia Will Supply Graphics Chip for New PlayStation NVidia will supply the graphics chip for the successor to the PlayStation 2 games console being developed by Sony Computer Entertainment Inc.
"Wheeling-Pittsburgh Closes Stock Offer Wheeling-Pittsburgh Corp., a metal products company, on Wednesday it has closed a public offering of 3.65 million common shares that helped raise \$100 million to be used to pay down debt."
"Karzai victory almost sealed, opposition awaits inquiry KABUL : With more than half the ballots in Afghanistan #39;s presidential election counted and outright victory virtually assured for incumbent Hamid Karzai, attention has turned to when the winner can be declared and how opposition candidates will react."
“James Murphy is a selfish piece of fuck that will burn in the flames of a specially dedicated rock and roll jihad. if
Judges get nervy about music cases THERE ARE signs that US Judges are becoming a little uneasy about the way the music industry is hauling the little people before the courts with acusations of music piracy.
This follows attacks in Turkey last October (killing
“I am not going to stand up to show pride in a
RT @foxnewspolitics Gingrich: Poor kids don’t know work unless
my mom is talking about assassinate donald trump. watch out guy my white
Interest Rate Dilemma for Bank Committee Rate-setters at the Bank of England were given plenty to ponder today after figures on house prices and manufacturing output confounded expectations.
Murdoch Wins Vote to Shift News Corp.  ADELAIDE (Reuters) - Rupert Murdoch won shareholder  approval on Tuesday to move the corporate headquarters of his  \$48 billion News Corp. Ltd. media empire to the United States  and sever its Australian roots.
"U.S. Awaits Judgment on Venezuela Voting (AP) AP - There was no evident pattern of fraud in Venezuela's balloting that left President Hugo Chavez in office but a final judgment depends on what observers report, the State Department said Monday."
Tech companies push IT management via Web services Microsoft and Sun Microsystems on Friday published a specification to leverage Web services for managing a broad range of IT systems including PCs and devices on a network.
"Aid Flight Delayed After Plane Hits Cow (AP) AP - A Boeing 737 carrying aid for Tsunami victims hit a herd of cows as it landed early Tuesday in Indonesia's devastated Aceh province, forcing the airport to close and delaying relief flights, officials said."
"Dogs get revenge, dismantle LSU Athens -- In one incredibly thorough dismantling of LSU Saturday before a raucously red crowd at Sanford Stadium, Georgia exacted revenge on the team that beat it twice last season, validating its ranking as one of the nation #39;s best teams."
He was on hand when a fan gifted DeMarco a pig fetus with him tattooed on it as a
"Datatec Bulks Up US Operation DATATEC #39;s international arm has announced its second acquisition in as many weeks , with a 15,7m buyout of US based Solution Technology Incorporated (STI)."
"Overture Extends MSN Relationship Pasadena-based Overture Services, the subsidiary of Yahoo Inc. which provides keyword-based search advertising, announced that it has extended its sponsored search distribution relationship with Microsoft."
“But there is a demon of rape inside
"Vote keeps Lebanon on road to Damascus INNER Beirut was swamped by soldiers and riot police at the weekend as the Lebanese parliament convened to extend the term of President Emile Lahoud, reappointing the Syrian-backed former soldier for three more years."
"Wizards Fall to Heat In Round 2 Near the end of the third quarter of the Miami Heat #39;s 103-93 win over the Washington Wizards on Tuesday, Shaquille O #39;Neal leaned against the scorer #39;s table in AmericanAirlines "
"Israeli Missile Kills Islamic Jihad Chief (AP) AP - Israeli strikes in the Gaza Strip killed a militant leader and a father and his son, officials said Wednesday, bringing to 75 the number of Palestinians killed in a weeklong offensive aimed at ending Palestinian rocket fire on Israeli towns."
"Prosecutor in Chavez coup inquiry is murdered A leading Venezuelan prosecutor investigating the 2002 coup attempt against President Hugo Chavez has been killed in a car bomb attack in Caracas, raising fears of renewed unrest in the country."
"Cingular Closes \$41 Bln ATT Wireless Deal  NEW YORK (Reuters) - Cingular Wireless on Tuesday closed  its \$41 billion cash purchase of AT T Wireless Services Inc.  &lt;A HREF=""http://www.investor.reuters.com/FullQuote.aspx?ticker=AWE.N target=/stocks/quickinfo/fullquote""&gt;AWE.N&lt;/A&gt;, creating the biggest U.S. mobile service with more  than 46 million customers."
"At UN, Bush still finds his Iraq plan hard to sell UNITED NATIONS -- Despite an appearance at the United Nations that was friendlier and more optimistic than any of his previous speeches to the world body, President Bush still faces a skeptical crowd at the UN."
"U.S. Report Finds No Evidence of Iraq WMD WASHINGTON - Contradicting the main argument for a war that has cost more than 1,000 American lives, the top U.S. arms inspector said Wednesday he found no evidence that Iraq produced any weapons of mass destruction after 1991..."
"New Allergy Vaccine Shows Promise In the first trial of its kind, Austrian researchers have achieved success with an allergy vaccine using genetically engineered pollen. The findings are reported in this week's issue of the Proceedings of the National Academy of Sciences."
Stocks Rise on Strong Retail Sales Report NEW YORK - Stocks moved higher Friday as a stronger than expected retail sales report showed that higher oil prices aren't scaring consumers away from spending. Federal Reserve Chairman Alan Greenspan's positive comments on oil prices also encouraged investors...
"Futility still a theme for the  #39;cursed #39; few Bee Staff Writer. If misery loves company, the baseball fans of Chicago are in big trouble. They don #39;t have the Boston Red Sox to kick around anymore."
"Microsoft targets older people for Web via TV SEATTLE -- For people trying to get their aging parents on the Web so they can read e-mail and get digital photos of the family, Microsoft Corp."
"Forget the medal count, Phelps has far exceeded expectations Two-time US Olympian Tom Dolan, who took back-to-back gold medals in the 400 IM at Atlanta and Sydney, will analyze races for SI.com throughout the Games. "
"In Japan, recovery is stalling TOKYO Japan #39;s once-robust recovery slowed to a near standstill in the third quarter as consumer spending weakened more than expected, according to revised growth figures released on Wednesday."
"Martin meets with cabinet ministers, diplomats over tsunami aid (Canadian Press) Canadian Press - OTTAWA (CP) - Prime Minister Paul Martin met with key cabinet ministers and diplomats Sunday to talk about Ottawa's response to the tsunami crisis that has devastated south Asia."
It was an ugly and stupid moment in
That court fools were ‘natural
“So much of Cilla is based around this idea of facing
"BHP Billiton approves \$US990m mine BHP Billiton today announced the approval of the \$US990 million Spence Copper Project in northern Chile. The project will have a designed capacity to produce 200,000 tonnes of copper cathode per annum and will have a mine life of 19 years."
Satellites track albatross flight A satellite tracking project shows the ocean hotspots where albatrosses come into conflict with longline trawlers.
Imagine a politician from your party
"Aussies pile on the runs in Nagpur Led by Simon Katich, Aussies piled on the runs against a hapless Indian bowling attack taking a firm step to conquer the Final Frontier on the third day of the third Test at Vidarbha Cricket Association Ground in Nagpur on October 28."
"Barbour makes decisive move Donors come up with much of the money As soon as Sandy Barbour arrived as Cal #39;s athletic director in September, she knew she would be judged by one criterion: Could she keep Jeff Tedford?"
