"A Stranger in the Mirror: Should Doctors Transplant Faces?. The technology for human facial transplants exists, but ethicists are worried about using it."
"SEC Subpoenas Target MCI Creditors. Eleven members of MCI Inc.'s former creditors committee asked for documents related to confidential communications between the company and its bondholders, according to federal bankruptcy court filings. &lt;FONT face=""verdana,MS Sans Serif,arial,helvetica"" size=""-2"" color=""#666666""&gt;&lt;B&gt;-The Washington Post&lt;/B&gt;&lt;/FONT&gt;"
"I have been busting my ass to do as much grassroots volunteering for his campaign, and"
“It’s bad enough knowing I’ve raised a little perv who believes those double-anal penetration videos he downloads at
Knee injury benches Eagles' Kalu for season. Philadelphia Eagles defensive end N.D. Kalu will miss the season after tearing the anterior cruciate ligament in his right knee during yesterday's practice.
"Sex toy creates Oz airport pandemonium. A discarded vibrator at Queensland #39;s Mackay airport caused pandemonium after cleaners noticed a rubbish bin humming in a suspicious manner, the Herald Sun reports."
No. 19 Alabama Tops Minnesota 78-72 (AP). AP - Earnest Shelton made five 3-pointers and scored 29 points to lead No. 19 Alabama over Minnesota 78-72 in the semifinals of the Great Alaska Shootout on Friday night.
"Stocks creep higher as investors weigh climbing oil against M amp;A &lt;b&gt;...&lt;/b&gt;. Stocks extended their rally with modest gains Wednesday, as Wall Street overlooked climbing oil prices to focus on strong results from Lehman Brothers and Sprint #39;s \$35 billion deal for Nextel Communications."
"Nortel hints it won #39;t tell all. Nortel Networks Corp., which plans to shed some light tomorrow morning on its financial performance for the first half of the year, hinted yesterday that those long-awaited results could be short on details. "
The company already announced that Dick
"I don’t walk into a Shriners meeting, tell them they all suck and I hate their"
"US reveals anti-piracy proposals. A new report calls for the creation of new anti-piracy offices across the US, Europe and Asia."
"""Get the f*ck out of here!"": Anti-Trump protesters go ballistic"
"(What else do you expect from a ""stupid bitch"
"In another, Greenwald delights in a righteous ""fuck you"" to a spying"
"Lee, MacGill help NSW fire out Kiwis for 213. Sydney: New Zealand made a disastrous beginning in their tour opener against New South Wales as they were shot out for a modest 213 at the Sydney cricket ground here today."
"Morgan Stanley, Bear Stearns profits stumble. Morgan Stanley and Bear Stearns Companies posted a drop in quarterly profits on Wednesday, surprising some investors one day after two "
"He was ignorant, a blustery racist, a blowhard bigot and maybe even guilty"
"Philadelphia, Verizon Strike Deal on WiFi (washingtonpost.com). washingtonpost.com - HARRISBURG, Pa., Nov. 30 -- The city of Philadelphia and Verizon Communications Inc. struck an agreement Tuesday that would allow the city to provide wireless Internet access as a municipal service even if Gov. Edward G. Rendell (D) signs legislation to give Verizon the power to scuttle the project."
"Beyond Fallujah. The battle of Fallujah, the most significant of the Iraq war since the fall of Baghdad, is a huge military success for US forces. But it #39;s not clear now, nor will it be for some time - perhaps not until elections "
Doped Olympics weightlifters named. ATHENS (Reuters) - The International Weightlifting Federation (IWF) has named the five who failed drugs tests before the Athens Olympics. 
"With names like Get Your Ass in Nature, Bottomless Tour"
"The vandals wrote, “fuck you gentrified"
Nah Fuck that I'm fightin Pettis —
"Pesky's patience rewarded. Those were tears of joy he didn't even try to hide amid the wild celebration in the Red Sox' locker room last night. Sure, some champagne had been poured on him, but those were Johnny Pesky's emotions on display as he witnessed a scene that he never had a doubt he'd see."
"Upon review, the Giant Baby and Enormous Asshole got to"
Men BUILT this fucking civilization and we're
"British American Tobacco Quarterly Profit Rises on Acquisition. British American Tobacco Plc, the world #39;s second-largest cigarette maker, said third-quarter profit gained 60 percent as the acquisition of Italy #39;s largest tobacco company added to revenue."
"Two US Soldiers Killed in Mosul Attack. WASHINGTON, Dec. 5, 2004 - Two American soldiers were killed and four were wounded in an attack in Mosul, Iraq, Dec. 4, US officials in Iraq said."
"Two Allawi relatives released by kidnappers in Iraq. CAIRO - Two female relatives of Iraqs interim Prime Minister Iyad Allawi have been released by their kidnappers after being held hostage for just under a week, Arabic news channels reported late on Sunday."
He pulls on the dick while lusting at the lunchbox of a
It's shitty to act like women owe you attention and/or genital touching simply
"As long as the motherfucking government let us keep food stamps… we gonna be good, but the"
"US Consumer Confidence Falls in University Survey (Update4). US consumer confidence unexpectedly fell for a second month in September, tempered by slack job growth and near-record gasoline prices."
Anti-Trump protesters are now chanting 'fuck the police' and 'anarchy now
"Fuck me, how much did he pay you to give"
"Ford Posts Profit But Loses Money in Cars.  DETROIT (Reuters) - Ford Motor Co. &lt;A HREF=""http://www.investor.reuters.com/FullQuote.aspx?ticker=F.N target=/stocks/quickinfo/fullquote""&gt;F.N&lt;/A&gt; on Tuesday  reported a higher-than-expected quarterly profit as strength in  its finance arm once again offset a loss in its automotive  business."
"John Rocker wants you to give a shit,"
"First off, what kind of an idiot bartender/server doesn't know which"
"MCI to Record  #36;3.5 Billion in Charges (Reuters). Reuters - MCI Inc. , the No. 2 U.S.\long-distance company, said on Monday it would record noncash\impairment charges of about  #36;3.5 billion in the third quarter,\mostly for property, plant and equipment."
"Call to lefty wasn't right one. Jarrod Washburn is a starter by trade, not a closer, a man more accustomed to easing his way into games rather than nailing doors shut. Early in his career, the Angels lefthander saw his share of the relief biz, and it was just enough for him to know it wasn't really his calling."
"Janszen says film has foibles. Although ESPN #39;s new movie, Hustle, is based on the Dowd Report, which documented Pete Rose #39;s gambling habits and led to his ban from baseball, former Rose associate Paul Janszen says there are some things the movie doesn #39;t get right."
"The internet is a shitty place, but"
"“Guys like Donald Trump—I’m sorry, holding up that faggot flag, it’s unforgivable to me, it’s unforgivable"
"Bush Defends Iraq War in Second Debate. ST. LOUIS - In a debate rematch Friday, President Bush defended his invasion of Iraq and said ""I wasn't happy when we found there weren't weapons"" that prompted his administration to go to war against Saddam Hussein..."
"If at first you do succeed, well, shit"
"When your dick instinctively begins slapping about,"
"""So after a couple of months, my kids didn't actually believe there was a Metallica song in this fuckin"
"Two phrases -- ""Leave Canada"" and ""F**k Indians"
The lonely souls who curl up every night with their Fleshlight masturbator now have a new accessory to lust over
"IM upstarts vie for interoperability. Although Microsoft and IBM offer IM products for the enterprise, smaller challengers are staking out valuable territory with a commitment to interoperability. This week both Antepo and Jabber will unveil new IM offerings that bolster standards support and security."
Those people are obviously stupid in comparison
"Celtics Expect Gary Payton to Report (AP). AP - Gary Payton's offseason was marked by a cross-country trade, a missed deadline for taking a physical and an arrest for investigation of driving under the influence. Now the people who run his new team, the Boston Celtics, are eager to see the point guard on a basketball court."
"Treasuries Up; Economy's Strength Doubted (Reuters). Reuters - U.S. Treasury debt prices rose on\Wednesday, building on the previous two sessions' gains as\doubts about the economic outlook and how much the Federal\Reserve will be able to raise interest rates persisted."
"Philippine President Rodrigo Duterte called Barack Obama a ""son of a whore"" on Monday as he"
Which is very good news for any man who has lost his penis either through
"You have a massive amount of shit you want to accomplish,"
• In the same way that whore is a gender-based slur
"GOP Congressmen Defiant on Intel Bill (AP). AP - Defying President Bush, Reps. Duncan Hunter and James Sensenbrenner  #151; who led opposition dooming legislation based on the Sept. 11 commission's recommendations  #151; said they won't change their minds without Senate concessions."
"Bolstering my riches log by brown log, turning shit"
"Yahoo! Nipping at Google #39;s Heels on Email. As part of its ongoing battle with Google (GOOG:Nasdaq - news - research) for the loyalty of Internet users, Yahoo! said it had implemented new antispam technology for its Web-based email service."
"Four years older, and wiser. THE Sydney Paralympics brought record ticket sales, television ratings, a new batch of sporting heroes. And then, without warning, came the shame."
Even if you don’t give a shit about making a pie
"Adobe aims at workgroups with Acrobat 7. Adobe Systems Inc. by the end of the year will release version 7.0 of its Acrobat products, including a new free Acrobat Reader that now includes reviewing capabilities, the company announced Monday."
Fans held up profane banners and a giant inflatable penis
"Centurion Fleming sets two records. CHITTAGONG, Bangladesh -- Captain Stephen Fleming set two national records as New Zealand took control on the first day of the second test against Bangladesh in Chittagong."
"Marines enter trip-wired Fallujah. Billed as the biggest urban fight since Vietnam, US forces in Iraq launched a major assault at nightfall."
The 'Hypocritical Shitter' talks
If I touch her at the opening of her vagina
"When to meddle. Thaksin Shinawatra, Thailand #39;s temperamental prime minister, is so annoyed by criticism of the violence in southern Thailand that he threatened last week to walk out of today #39;s south-east Asian summit if the subject was even raised."
FCC Clears Broadband over Power Lines Barriers. The Federal Communications Commission (FCC) has cleared the way for Internet access over the same infrastructure that carries electricity to homes and businesses in America.
"Hollywood sues over home theatre. A FILM industry group has sued a high-end consumer electronics company, claiming its home theatre jukebox system makes illegal copies of movie DVDs."
"Brother of UK hostage urges Blair to plead for hostage release. Paul Bigley, brother of Kenneth Bigley who is being held hostage by militants in Iraq, called on British Prime Minister Tony Blair Monday to step up efforts to win the release "
"Yeah, you little bitches probably don’t even know who I am because I’m the one who doesn’t show up"
"Fighting in Afghanistan kills 22. US forces backed by helicopter gunships killed 22 insurgents in southern Afghanistan, the US military said today. The fighting occurred late Sunday in Shinkay district of Zabul province, a hotbed "
"The teeth are angled so they allow penetration, but bite like a shark as the penis is"
Loyalty study lists IT's top household names. A report indicates that many giants of the industry have been able to capture lasting feelings of customer loyalty.
"Linux wins heart of global SAP user. Switzerland's EndressHauser (International) Holding AG, a global supplier of process control systems, has migrated all its business applications from SAP AG to a mainframe running the open-source Linux operating system."
A man burst into a busy central London restaurant and chopped off his own penis
"Under Ridge, Color Alerts and Mixed Security Reviews. Tom Ridge leaves with a record of progress, but his successor faces daunting challenges that critics say were largely ignored."
"Gambro Sells U.S. Kidney Clinics Unit.  STOCKHOLM (Reuters) - Swedish kidney-care company Gambro AB  has signed an agreement to sell its U.S. clinics business to  dialysis firm DaVita Inc. for \$3.05 billion in cash, Gambro  said on Tuesday."
"Energised Henman downs Dupuis. Basel - Two-time Swiss Indoors champion Tim Henman bounced back from his disappointing Madrid Masters performance last week to ease through his first round match at the ATP event here on Wednesday, overwhelming Frenchman Antony Dupuis 6-3, 6-4."
"No. 3 Auburn Dominates Georgia 24-6. Auburn #39;s Devin Aromashodu can #39;t hang on to a pass during the first quarter against Georgia in Auburn, Ala. Saturday, Nov. 13, 2003."
"Martinez Deal Finalized. Martinez passes his physical, and the Mets finalize their \$53 million, four-year contract with the pitcher."
We can talk about how calling women bitches is a sign of sexism
"""When you read articles every day about how much you suck"
"Smithfield #39;s 1Q Profits Beat Outlook. Pork processor Smithfield Foods Inc. said Thursday that improved profitability in the hog production segment, combined with strong results in pork, offset lower earnings in the beef segment to push first-quarter profits above revised expectations."
News: US credit card firm fights DDoS attack. US credit card processing firm Authorize.Net is fighting a sustained distributed denial of service (DDoS) attack that has left it struggling to stay online.\
"Hynix Profit Soars, Forecasts Better Fourth Quarter (Update4). Hynix Semiconductor Inc., the world #39;s second-largest maker of computer-memory chips, said profit quadrupled in the third-quarter and will rise in the current period on increased demand for its products."
"Watch Lamar perform ""Fuck Your"
"FDA Accused of Silencing Vioxx Warnings. WASHINGTON - The Food and Drug Administration silenced one of its drug experts who raised safety concerns weeks before Merck   Co. yanked the blockbuster drug Vioxx due to increased risks for heart attack and strokes, the chairman of the Senate Finance Committee said Thursday..."
"Man gets life imprisonment for p0rn. Those caught for  #39;serious offenses #39; could now face life imprisonment while less serious cases could result in compulsory surveillance, detainment, taking into custody by the police."
"He reportedly showed his penis to a colleague, bought another a sex toy with an accompanying note about how he wanted"
"Drunken brawl on tour, telling a fan that he’ll fuck his life, crashing into an IPL party – Sharma"
"Mark Kreidler: An ocean away, an experience to savor. Bee Sports Columnist. BEIJING - The world probably gets smaller only a little bit at a time. When Peja Stojakovic watched Yao Ming moving gracefully through a sea of people here late Sunday "
"Categories like ""ass,"" ""NSFW,"" ""pornvids,"" ""spaceporn,"" and"
"Oracle, PeopleSoft prepared for midnight offer deadline. NOVEMBER 19, 2004 (IDG NEWS SERVICE) - The midnight expiration of Oracle Corp. #39;s tender offer to PeopleSoft Inc. #39;s shareholders for control of the company will either end the software rivals #39; bitter, 17-month battle tonight -- or increase its ferocity."
Red Hat #39;s CEO is sold on Netscape buy. Red Hat is acquiring security and authentication tools from Netscape Security Solutions to bolster its software arsenal. Red Hat #39;s CEO and chairman Matthew Szulik spoke about the future strategy of the Linux supplier.
"Actually, I’m a Constitutional Conservative: we just want you to get off your ass and go to"
"Hell, I just bought the fucking game"
"Spammers Using Authentication To Dodge Detection. com. Spammers are trying to make their junk mail look more legit by adopting the same technologies intended to stem their message tsunamis, said a filtering firm Wednesday."
"SBC Drives VoIP to Ford. It #39;s looking more and more like Voice over Internet Protocol, or VoIP, is ready for prime time. Today, SBC Communications (NYSE: SBC) said that it will provide VoIP services to Ford (NYSE: F) in one of the largest deployments of its type to date."
"NASA Inspector's Space Shuttle Checks Questioned. ORLANDO, Fla. (AP) -- A former NASA inspector has been accused of lying about inspecting crucial parts on the space shuttle Discovery before and after the Columbia disaster that killed seven astronauts and grounded the entire orbiter fleet..."
This idiotic snowflake-ism was
"Palestinians bury slain Hamas member in Syria amid cries for &lt;b&gt;...&lt;/b&gt;. Thousands of Palestinians, many shouting calls for revenge, on Monday buried a member of the militant group Hamas who was killed in a car bomb assassination in which Israeli security officials acknowledged they had a hand."
"Mozilla readies Firefox 1.0 release. After 19 months of development, two name changes and more than 8 million downloads of its preview release, the Firefox browser is finally turning 1.0."
A disgusting and filthy fad known as FHRITP is making the rounds in North America
"Another tweet, which uses the hashtag #FreePalestine, tells Benayoun: “Yossi, ur an idiot"
"The Sun called his royal highness a ""stag do idiot"
"Coming soon: the eight-hour notebook battery. &lt;strong&gt;IDF Fall '04&lt;/strong&gt; Well, soon-ish"
"Indonesia Police Step Up Hunt for Bombers. JAKARTA, Indonesia - Indonesian police found traces of the explosives used in the suicide bombing of the Australian Embassy inside a room rented by the two alleged bombmakers, the national police chief said Saturday.    Police also released security camera footage showing the small white delivery truck driving past the heavily fortified mission in Jakarta moments before it exploded, killing nine people and wounding more than 170..."
I blame Marvel’s Agents of S.H.I.T
You seen this bullshit about the UFT and some liberal pols trying to get the Stuy test replaced with some
"Intel Sets Upbeat Tone on Wall Street (Reuters). Reuters - U.S. shares are set to open higher on\Friday, buoyed by Intel Corp.  after the world's\largest chip maker raised its quarterly revenue target due to\strong demand, but all eyes will be on jobs data before the\opening."
You just spread that idiotic conspiracy theory
THEN i will get back into the groove of making comics. prepare your ass. in the meanwhile
Mentioning the word fuck in film causes the MPAA to leap into
"Cavs Edge Grizzlies. LeBron James has a stellar all-around game with 31 points, eight assists and seven steals to lead Cleveland over Memphis, 92-86."
"If you fuck with American business or its people, he’s going"
"Want a Treo 650? Better Sprint. SAN FRANCISCO--Those wanting to get their hands on a Treo 650 this year will need to sign up for service from Sprint PCS. Sprint has cornered the market for this year, scooping up all of PalmOne #39;s capacity until sometime in 2005."
"MICK SENT TO BENCH. BLOOMFIELD TWP., Mich. - There are still two more days of this 35th Ryder Cup to be played out, but unless something dramatic occurs in favor of the US team, Phil "
I thought writing about San Diego Comic Con being censorial assholes would be the strangest story we'd write about
"For Businesses, It #39;s Slow Going With Windows XP #39;s SP2. It could take months for many businesses to test and deploy Microsoft #39;s most-secure operating system. By John Foley. Despite the promise that Microsoft #39;s Windows XP Service Pack 2 release will make PCs more "
"Oil Prices Hold Firm Near  #36;47 (Reuters). Reuters - Oil prices held steady near  #36;47 on\Wednesday, a day after striking another record peak as U.S.\inflation stayed in check despite scorching energy costs and\ahead of weekly data expected to show a drop in crude stocks."
"What has been getting traction and flooding my inbox, is this bullshit: The World"
"Ukraine prime minister takes lead in runoff. KIEV -- Ukraine's prime minister was leading the nation's runoff presidential election, according to partial vote tallies released today, but his Western-leaning challenger held the advantage in an exit poll funded partly by the United States."
"Home PCs sought in hunt for cancer cure. Computer users are being asked to donate their unused processor power to help solve social and environmental research problems. The IBM-backed project, called World Community Grid, aims to put the untapped "
The window of time in which the world actually gave a shit
"Many moons ago, Ol' Dirty Bastard uttered the words"
"Update 2: DoubleClick Studies Sale, Other Options. The online advertising market is hot, but pioneer DoubleClick Inc. isn #39;t. The provider of Internet advertising services has decided to explore strategic alternatives, including a possible sale."
The Perfect Ending. Dan Wheldon #39;s win leads the Andretti Green Racing Team to a 1-2-3 finish in the final race at Nazareth Speedway. By CHUCK GIVLER.
"One Really Ugly Mark on Star Gas. Inscribe this stock with ""losing customers, bad debt terms, and, maybe, bankruptcy."""
"""Reasons I hate white people: white privilege, white"
"Once left for dead, Astros streak back into wild-card contention. Everything #39;s going the Astros #39; way these days. They #39;re scoring a ton of runs, their schedule looks favorable, their bullpen is starting to kick in -- even their starting pitching, which consists of Roger Clemens "
Prosecutors want to photograph erect penis
"Carter Out for Season for Seminoles (AP). AP - Florida State tight end Donnie Carter will miss the upcoming season with a torn right knee ligament, coach Bobby Bowden said Saturday."
Pakistani Journalists Arrive in India for Unprecedented Kashmir &lt;b&gt;...&lt;/b&gt;. A group of Pakistani journalists has arrived in India for an unprecedented visit to the Indian-controlled portion of Kashmir. Indian officials say the delegation crossed the border between the two nuclear 
US Fed official says economic softness  quot;fleeting quot;. President of the US Federal Reserve Bank of Atlanta Jack Guynn said on Wednesday that the soft patch that the US economy hit recently was likely to be short-lived.
"Russia set to auction oil giants prize asset. MOSCOW The government on Friday set the stage for the resolution of the  quot;Yukos affair, quot; setting an auction date for the prize asset of Yukos, the country #39;s No."
"Radio operators OK rules on Net over power lines. For critics of power-line broadband access, new FCC rules mean ""the glass is both half-full and half-empty."""
"That response is, ""Why do I give the most insignificant quantum of fucks about what"
"Frances Plows Ashore in Panhandle. PANACEA, Fla. - Tropical Storm Frances plowed ashore on the Florida Panhandle on Monday, its second U.S..."
A lot of shit can go down during a game which can
"And hey, if Engadget can make posts about shitty Dr Who"
"Burma's prime minister is ousted. BANGKOK, Thailand -- Burma's tough but pragmatic prime minister was removed from power yesterday by his hard-line army colleagues, clouding prospects for the freedom of opposition leader Aung San Suu Kyi and for democracy in the military-led Southeast Asian nation."
"Nuggets win on Anthony #39;s shot. Anthony #39;s 15-foot jumper with 3.6 seconds remaining gave the Nuggets a 100-99 victory over the Boston Celtics on Wednesday night, the fifth stop on Denver #39;s seven-game road trip."
"Critics, supporters prepare for U.S. e-voting. WASHINGTON - Voting security advocates in the U.S. are bracing for a repeat of problems in the upcoming general election that could rival Florida during the 2000 presidential race."
"United launches US-Vietnam service. United Airlines began service between San Francisco and Vietnam Thursday, the first such regular flight to the Asian country in 30 years."
Serie A Review: Round 14. Nothing changed at the top of Serie A as all top teams won their games to keep the distance between one another unaltered. Juventus came back from behind against Lazio to win thanks to another goal by Ibrahimovic 
Stop it with that bullshit and realize the
"In June, Four Tet called the service a “a total slice of shit”"
"Who knows why, but John is an ass"
"Intel Cuts Back Projection For 3rd-Quarter Revenue. Intel Corp. lowered its revenue projections for its third quarter yesterday, citing slow consumer purchases across the globe. The world #39;s largest chipmaker reported that it expects revenue for the three-month period ending Sept."
"New tool identifies 'phishy' Web sites. A new software tool from WholeSecurity Inc. can spot fraudulent Web sites used in online cons known as ""phishing"" scams, according to a statement from the company."
The Sandlot is that movie you watched as a kid that convinced you fucking with your neighbor's English
49ers QB Tim Rattay Has Separated Shoulder (AP). AP - Quarterback Ken Dorsey is expected to make his first NFL start for the San Francisco 49ers after Tim Rattay was diagnosed with a separated right shoulder Monday.
"Fuck it, I figure if I can’t do it in real"
"Manugistics Fires Its President. Manugistics Group Inc. disclosed Monday that it fired its president, as the maker of business software tries to reverse slipping sales, rising costs and a falling stock price. &lt;BR&gt;&lt;FONT face=""verdana,MS Sans Serif,arial,helvetica"" size=""-2""\ color=""#666666""&gt;&lt;B&gt;-The Washington Post&lt;/B&gt;&lt;/FONT&gt;"
"CA to cut 5 percent of work force. Computer Associates International announced on Wednesday that it plans to cut 5 percent of its work force as part of a restructuring effort, a move that comes as the company seeks to rebuild itself after a long-running accounting scandal."
"Hey @anonabox, even IF your shit was secure (instead of grossly vulnerable), non-Tor"
"Britain has prevented Sept 11-style terrorist attack: report (AFP). AFP - British security services have foiled an Al-Qaeda plot to fly planes into targets in London in a September 11-style attack, Britain's independent ITV News network reported."
Ukraine's Opposition Sees Path to Victory (Reuters). Reuters - Ukraine's opposition presidential hopeful\Viktor Yushchenko said on Wednesday parliament's vote to root\out cheating in elections opened the way for him to win a\re-run of a rigged poll.
Hung then collected his semen in a plastic bag and passed it
RIM Intros Souped-Up BlackBerry for Mobile Enterprise. Research In Motion is launching a new wireless BlackBerry in conjunction with its BlackBerry Enterprise Server software in an appeal to enterprise customers and developers of mobile-workforce applications.
Let them kill those who try to rape
"Microsoft Sets December Release for Next-Gen Enterprise IM Server. The next version of Microsoft Corp. #39;s enterprise instant messaging and presence server will be available on Dec. 1, the company said late on Monday."
It must irk philosophers that any idiot
Jefferson pledges to stay hungry. Richard Jefferson promises to still be the first one in and the last one out every practice. This from a guy who has played more basketball than any NBA player over 
"Oil dealer facing bankruptcy. The parent company of the Petro home heating oil company, which serves over 100,000 customers on Long Island and in New York City, said today that the division is facing a liquidity crisis due in part to its inability to pass on record high heating oil "
"""Today a customer told me, 'I have a gun and I’m going to kill"
"""These idiot politicians who talk about climate change, for goodness sake"
"Niagara Falls survivor seeks work, new life path. The only person known to have survived an unprotected plunge over Niagara Falls has returned to the scene of his stunt. Kirk Jones, 40, went over the 167-foot Horse Shoe Falls on Oct. 20, 2003."
I decided to revisit the build and update the thread after killing all the new shit since
Trump’s demagoguery is stupid and
Cartel inquiry claims Amcor chief. The boss of packaging company Amcor has quit his post amid a growing scandal over allegations of price-fixing. Amcor said chief executive Russell Jones - along with top divisional head Peter Sutton - had both resigned.
"If the man has already ejaculated at this point, the dipping, gaping, and sucking movements of the cervix will help draw"
"The problem is, such people are useful idiots"
Now even some factions of the MSM (mostly shit
"Arabs are not responsible for atrocities. THE Western media is deceiving the world into thinking that the Arabs are responsible for the atrocities that have driven 1.3 million people out of their homes in Darfur, Sudan, according to a former member of the West Darfur parliament."
"The children, who said they came from good homes, told me we have to kill all the Arabs"
"Nyberg is a piece of shit, and she"
Consider how shit we've been at veiling our obsession
"Police are horrible, racist monsters who want to lock"
"Multicore Chips May Push Intel Off Its Bus. Chip giant will need to introduce integrated memory controllers or redesign its frontside bus, analysts say."
"Mortgage Rates Dip This Week. Rates on 30-year and 15-year mortgages dipped this week, good news for prospective home buyers. Freddie Mac #39;s weekly survey released Thursday showed that rates on 30-year, fixed-rate mortgages declined to "
"New Worm Installs Network Traffic Sniffer. A new worm whose payload includes the SDBot trojan tries to install a  quot;sniffer, quot; seeking to use infected computers to capture login and banking information for other computers on the same network."
"Rovers Still Turning Up Water Evidence. Summary - (Oct 8, 2004) Now operating three times longer than originally expected, NASA #39;s Mars Exploration Rovers are still turning up fresh evidence that liquid water once flowed on Mars."
"Manpower survey: Moderate hiring early next year. Tampa Bay area employers expect to hire at a moderate pace during the first three months of 2005, based on the results of a quarterly survey by Manpower Inc."
New light technology promises longer life and lower costs. It #39;s a problem that confronts every homeowner: There #39;s always at least one lightbulb around the house that needs to be replaced -- often in places that require a ladder.
"Tokyo Stocks Open Higher; U.S. Dollar Down (AP). AP - Tokyo stocks edged higher early Wednesday, taking a cue from Wall Street where investors welcomed the U.S. Federal Reserve's upbeat view of the economy and its decision to raise interest rates. The dollar was lower against the Japanese yen."
"Oil is oil, and this gunky bullshit that’s"
No @MattGertz @ananavarro is an pompous shithead who must be exposed for the abusive diva she is-hated
"Judge Rules for Oracle in PeopleSoft Bid (Reuters). Reuters - A U.S. federal judge\on Thursday gave Oracle Corp. a green light to proceed with its\hostile bid to take over rival business software maker\PeopleSoft Inc., rejecting the government's bid to block the\ #36;7.7 billion deal."
"""People are just too stupid to use bitcoin right now,” I overheard someone"
London commuter Julian Cook was peddling like fuck to make his circus clown-
I don’t think it’s a big fuck you to Adolf Hitler
"Holy shit, that bird behaves more like a human than"
"Her name is BonaLisa, and while she might look like an experienced slut"
“Scott Weiland is a fucking selfish asshole” proclaimed one very drunk and very angry concert-
[It] tore her vagina on the interior such that it separated
"Chirac inaugurates world #39;s tallest bridge in France. MILLAU, France (AFP) - As air force jets screamed overhead, French President Jacques Chirac inaugurated the world #39;s tallest bridge, a stunning masterpiece of engineering that will carry drivers 270 metres (885 feet) above ground."
"Oprah giveaway. Oprah Winfrey surprised each of her 276-person studio audience this week with their own new Pontiac G6 car. The cars, which retail for \$US28,000 (\$NZ43,189) were donated by Pontiac."
"""Over here just giving a nigga"
"Suicide Girls get to have hairy armpits, and it's fun"
"Booze boost to Nascar. Nascar will allow liquor companies as sponsors for its Nextel Cup and other stock-car racing next season, ending a 30-year ban and creating a new funding source for racing teams."
"US, North Korean officials meet at UN. US officials met twice last week with North Korean officials in New York to tell them the US was ready to resume nuclear negotiations and wanted to resolve the issue diplomatically, State Department spokesman Adam Ereli said."
BAE Systems to Acquire Alphatech for  #36;88M (AP). AP - British defense contractor BAE Systems PLC said Tuesday that its U.S. subsidiary will acquire software maker Alphatech Inc. for  #36;88 million cash.
"Antivirus subscription prices climb. Troublesome Trojan horses, virulent worms, nasty viruses--sometimes it may seem like the Internet exists just to let the bad guys attack your PC."
"They are fucking–and I would say this, that I would never dare use that word, but you know"
"Mortgage Applications Climb, Rates Fall.  NEW YORK (Reuters) - New applications for U.S. mortgages  for both refinancing and home purchases climbed last week, as  most mortgage rates fell from the previous week, an industry  group said on Wednesday."
"Chemical Weapons Lab Disclosed In Fallujah. A chemical weapons laboratory has been found in the former rebel stronghold of Fallujah, Iraqi Minister of State Kassim Daoud announced on Thursday."
Milo Yiannopoulos’s ‘Dangerous Faggot Tour’ returns on September
Aussie misses out on Miss World. AUSTRALIAN Sarah Davies has missed out on being crowned Miss World 2004 at the finals of the beauty pageant in China. Twenty-year-old Miss Peru was crowned today in the southern Chinese resort town of Sanya 
"Judge: Bryant Accuser Must Be Identified (AP). AP - A federal judge on Wednesday rejected a request from the woman accusing Kobe Bryant of rape to remain anonymous in her civil lawsuit against the NBA star, saying the public's interest in open court proceedings outweighs her desire to shield her identity."
F**k This Country’ — BLM Protesters Spit
"Dare to bare: Rau, 26, bares her breasts in the 8-page spread and for the"
"Orange makes phones talk to the blind. PARIS - Orange SA will offer blind customers a software application designed to make their mobile phones talk to them, as part of a new package of services for the visually impaired that will go on sale in France Thursday."
"The ill-fated tale of Phoneys, the stupid"
"U.S. Aims to Revive 6-Way N. Korea Talks (AP). AP - On a trip to East Asia, Secretary of State Colin Powell intends to work out a strategy with Japan, China and South Korea on how to convince North Korea it is not under threat of attack."
"UPDATE 1-Valero to acquire Kaneb Services, Pipe Line. Valero LP (VLI.N: Quote, Profile, Research) agreed to buy Kaneb Services LLC (KSL.N: Quote, Profile, Research) and Kaneb Pipe Line Partners LP (KPP."
"Lackluster Els Slips Behind Drummond at Wentworth.  VIRGINIA WATER, England (Reuters) - Defending champion  Ernie Els trailed unheralded Briton Scott Drummond by one hole  midway through their first-round match in the World Match Play  Championship at Wentworth on Thursday."
"The NFL’s stupid, byzantine rule book got in the"
Woodbridge down but not out. Todd Woodbridge ruled out any thoughts of retirement after his quest for back-to-back US Open men #39;s doubles titles ended with a third-round defeat at Flushing Meadows today.
"Gates. The grass isn #39;t so green on the other side. With spam amounting to about 80 of total email traffic, you think that Bill Gates would have thought up some fantastic way of filtering it."
"Paisley holds talks key. Four decades after he barged onto Northern Ireland #39;s rancorous political stage vowing never to compromise, Protestant cleric Ian Paisley holds the key to striking a new deal to seal peace in the province."
"Third Of Americans Think Viruses Won #39;t Strike Them. About one in three Americans think it #39;s more likely they #39;ll be audited by the IRS or win the lottery than fall victim to a virus or worm, the non-profit National Cyber Security Alliance (NCSA) said Friday as it released the results of a September survey."
"Lots of conservative bullshit tripe smearing Obama as Stalin, lots of ridiculous confederate flags (REBEL YELL in"
Grohl calls singer Ricky Wilson “Mr fucking celebrity TV judge” and adds: “If I was a fucking
"Johnson  amp; Johnson to Pay \$25.4 Billion for Guidant. Johnson  amp; Johnson agreed to acquire Guidant Corp. for \$25.4 billion, adding electrical devices for treating heart disease to a lineup of thousands of health products including Band-Aids and cardiac stents."
There is little that is more insufferable that an asshole troll who thinks they are being clever and
Equipment Donated to Convention Is Passed to Schools. Telephones and computers that were donated for use at the Republican National Convention will now be used to improve security and enhance New York City public schools.
"Beazer notifies \$80.1 million 4Q profit. Beazer Homes USA Inc., the US homebuilder, has announced that fourth-quarter earnings increase as a result of home orders growth in Mid-Atlantic, Southeast and West regions."
"“We’re fucking shit,” he said"
"Microsoft To Share Office Software Source Code with Governments. Microsoft #39;s business strategy manager for Europe, Wilfried Grommen, said  quot;It #39;s really important for us at this stage that we have this major extension of the GSP."
"""It's like a lot of people fucking jerking"
Hewlett-Packard posts 26.5 per cent rise in fourth quarter profits. Hewlett-Packard Co. reported Tuesday a 26.5 per cent rise in fourth-quarter profit on the strength of record revenue growth across all of the computer manufacturing giant #39;s businesses.
Time for Williams to check his ego into a penthouse suite. In a hotel suite in Las Vegas a couple of days ago a fighter unpacked the bags he had carried down from the drab suburban bungalow that had been his rented home.
But this idiot gained himself 105.00 pounds (over 145.000 euros
"Highland buys Tremont Boston in four-hotel deal worth \$227M. The 322-room Tremont Boston was sold to Highland Hospitality Corp., a Virginia-based real estate investment trust that purchased the hotel along with three others for \$227 million from Wyndham International Inc. "
"For Martha, It #39;s Time to Do Time. By serving her sentence now, the domestic diva gives her company a better shot at reviving its badly damaged fortunes. Although more famous for her artistic instincts around the home, Martha Stewart knows her math, too."
"AMD and IBM to share chip technology for three more years. AMD and IBM have extended their chip-manufacturing technology agreement for another three years according to investors.com. The previous deal, signed in 2002, was due to run out next year."
About 15 years ago LiGee decided his dick
"Nortel to cut fewer jobs, trim real estate space. SEPTEMBER 30, 2004 (REUTERS) - Nortel Networks Corp. said today that its cost-cutting plan will save \$500 million in 2005, and even more in future years, as it cuts fewer jobs than forecast but plans to eliminate some of its real estate space."
EU To Decide Soon on Sanctions Against US. The European Union said Wednesday it will decide soon whether to impose trade sanctions on the United States after receiving authorization to do so from the World Trade Organization 
"Koizumi will keep Japanese in Iraq. TOKYO The cabinet of Prime Minister Junichiro Koizumi decided Thursday to extend the mission of Japanese troops in Iraq despite the growing opposition of voters, political opponents and members of his own party."
"Alitalia, Cushy #39; Jobs Machine, Faces Cost Cuts (Update1). Every morning at 7:45, Alitalia SpA Flight 1022 leaves Rome #39;s Fiumicino Airport for Milan #39;s Malpensa Airport. An average of 80 seats on the Airbus 320, 60 percent of the total, are occupied "
"Fiat and GM set for showdown over Fiat Auto sale. Fiat (FIA.MI: Quote, Profile, Research) and General Motors (GM.N: Quote, Profile, Research) head for a showdown this week as a one-year truce expires, opening the "
"Web coming to electrical outlets. NEW YORK (CNN/Money) - Electric companies may soon join the fray of providing Internet services after regulators cleared the way for utility companies to offer broadband services through electrical outlets, according to a report published Friday."
Japanese Leader Reshuffles Cabinet (AP). AP - Prime Minister Junichiro Koizumi replaced key ministers and ruling party leaders in a shuffle Monday aimed at solidifying his power and building momentum for his troubled reforms program.
"Up until this point, Oliver has been too preoccupied with kicking ass to do much business"
Only mean soulless assholes could ever write and print
"CL KO for Frisk. The Champions League is back, and there are already plenty of talking points after an-incident packed first round of matches. The biggest story to come out of the last few days is from the Stadio Olimpico "
Hynix Under Investigation for Cooking Books. It has been revealed that Hynix Semiconductor (formerly Hyundai Electronics) cooked the books to nearly W2 trillion during the latter half of the 1990s and corrected the total misstated amount over several years.
"MLB All-Stars beaten again in Japan. Sapporo, Japan (Sports Network) - Daisuke Matsuzaka went the distance on a five-hitter to lead Japan to a 5-1 victory over the Major League Baseball All- Stars in the sixth of an eight-game exhibition series."
"New Device: Flying Robot. Seiko Epson hopes the tiny robot will help in security, disaster and rescue and space exploration. Also: Apple recalls batteries from its 15-inch PowerBook G4 laptops   hellip;. Sony unveils eight new flat-screen TVs   hellip;. and more."
"New software blows the whistle on viruses #39; activities. Engineers at Hewlett-Packard are working on  quot;virus throttling quot; software that could slow the spread of viruses and worms, possibly limiting the destruction hackers inflict on millions of computers each year."
And there’s no better way to do that than serving an asshole a
"“If you’re a Muslim, your god is Satan;"
Who doesn’t love seeing a gorgeous woman who can not only kick ass
Burma military officers 'jailed'. Three senior intelligence officers are reportedly jailed in further fallout from an apparent high-level power struggle.
Pentagon rebuffs troop criticism. The Pentagon tries to deflect charges that there were not enough troops on the ground at the time of the Iraq invasion.
Baywatch is a lot like that dead man’s penis: It’s a limp
"""And then I started noticing people calling him 'fag,' 'gay'"
House Redistricting Schemes Not Perfect (AP). AP - State lawmakers who reconfigured congressional maps to benefit one party over another have drawn themselves into a corner in some House districts.
How could the generals of that era have been stupid enough to
"It was a shitty performance, and he"
Why is it OK for my despicable piece of shit father to get drunk and slap my butt telling me I should loose some of that “
"Puerto Rico Stuns U.S. in Opening Round. Puerto Rico upsets the United States, 92-73, at the men's basketball preliminaries on Sunday, the first loss at the Games for the three-time defending gold medalists since 1988."
SEC focusing on drug makers. The Securities and Exchange Commission is scrutinizing biotechnology companies as part of a wider effort to ensure that companies don #39;t mislead investors 
"After all, the old adage goes that guys are into it because it’s “tighter” than your vagina and they"
A Simpler Conversion. A new IRA conversion rule will let you ignore minimum distributions in computing threshold incomes.
"GM Staff Call Off Work Stoppage at Bochum.  BOCHUM, Germany (Reuters) - Workers at a General Motors  plant in Bochum, Germany, swallowed their anger over job cuts  and voted on Wednesday to end a seven-day stoppage that has  disrupted output at three other GM car factories."
Watching these bungling idiots trying to find and negotiate a good deal on 10 items for the Savoy and singularly
Former general tipped to win Indonesian vote. JAKARTA - Security forces remain on high alert as Indonesians head to the polls in an election that could see the opposition leader become president.
“Whoever wrote ‘He rediscovers love of the road’ is a fucking
"Soft Margins Cut Bombardier Profit.  MONTREAL (Reuters) - Second-quarter profit fell by  two-thirds at plane and train maker Bombardier Inc. &lt;A HREF=""http://www.investor.reuters.com/FullQuote.aspx?ticker=BBDb.TO target=/stocks/quickinfo/fullquote""&gt;BBDb.TO&lt;/A&gt;  as its regional aircraft business lagged a rebound in the  business jet market, the company said on Wednesday."
"She loves pussy just as much as she loves cock and you can see her licking, eating and scissoring other"
"Expos Keep Dodgers at Bay With 8-7 Win (AP). AP - Giovanni Carrara walked Juan Rivera with the bases loaded and two outs in the ninth inning Monday night, spoiling Los Angeles' six-run comeback and handing the Montreal Expos an 8-7 victory over the Dodgers."
The biker bitches are likewise hardly
"Birds, dinosaurs evolutionary link. CHINESE palaeontologists said they had found feathers on the fossilised legs of a primitive bird, which backs controversial theories that birds descended from four-limbed dinosaurs."
"Bomb Blasts in Baghdad Kill at Least 35, Wound 120. Insurgents detonated three car bombs near a US military convoy in southern Baghdad on Thursday, killing at least 35 people and wounding around 120, many of them children, officials and doctors said."
There is one long trail of stupid running behind Republican pollster Frank
"Hatcher, Blazers win D-II title. FLORENCE, Ala. - Chris Hatcher was atop NCAA Division II football as a player at Valdosta State in 1994. Now, the Macon native is at its pinnacle as the Blazers #39; coach."
Athletics: Radcliffe is redeemed by triumph in epic struggle. Whether the 30-year-old marathon world record holder will achieve the global title she yearns for in the wake of her traumatic failure at the Athens Olympics remains to be seen.
"When she wants the company of men, she goes out and sluts"
"Supposedly the information is far more damaging than audio recording of Trump talking about ""grabbing women by the pussy"", and"
"pardon, why the fuck isn't wikipedia working when i need it"
"Prosecutor in Chavez coup inquiry is murdered. A leading Venezuelan prosecutor investigating the 2002 coup attempt against President Hugo Chavez has been killed in a car bomb attack in Caracas, raising fears of renewed unrest in the country."
In Memory of Gucci Mane: RIP Anal Virginity
"Clubhouse Chatter: A trade that works for everyone. Usually when a trade involving a high-priced player of a small market team gets consummated, there is generally the sense that the small market team is being taken advantage of."
"YES, your vagina can change color too –"
Giving oral sex (blow job) to a man has been proven to carry
Everything with my life has been so fucking serious and
"S. Africa Churches Urge Referendum on Gay Marriage.  JOHANNESBURG (Reuters) - South Africa's leading churches  urged President Thabo Mbeki on Saturday to call a referendum on  gay marriages, saying a recent court ruling in favor of the  unions ignored overwhelming public opposition."
"“Squirting out of my titties,” she continued"
“Where performance and kicking ass are
Australia to Upgrade Embassy Security (AP). AP - Australia's foreign ministry said Wednesday it will boost security spending at its embassies by  #36;52 million after a terror attack on the U.S. consulate in Saudi Arabia left nine dead earlier this week.
"Griffon is a bit of a jerk, not very"
Sold down the river. The ECB #39;S decision is not a surprise. It #39;s crass but no surprise. The wind #39;s been blowing that way for ages. So there #39;ll be no live international cricket on terrestrial telly from the summer after next.
Drug Combo Cut Heart Disease Death Rate in Blacks. A specific combination of drugs produced such encouraging results in blacks with heart disease that the trial was halted early so all the participants could take advantage of the therapy.
IT #39;S NEVER TOO EARLY TO PLAN A PENSION. and it has caught the government on the hop. Tony Blair will be told this week that a staggering 10 million pensioners could end up in chronic 
Obama called out the 30 year old on the size of his penis
"“Obama treats them like vaginas and they say, ‘He’s my man,'” said Limbaugh, who"
"(She has over 200, bitch!) All he does is sit on his bitter wack ass and judge playerz all day because"
The only racists here are the piece of shit Black
"Gunmen kill 22 police in attacks in western Iraq. Gunmen stormed police stations in western Iraq on Sunday and shot dead up to 22 Iraqi policemen in cold blood, a day after attacks on security forces killed 35 people, police and witnesses said."
This sounds totally idiotic but was a huge fucking deal in the mid-1800
"Baird leads Lehman by 1 as Singh fades at Disney. Tom Lehman, winless for almost five years, kept himself in weekend contention with a 6-under 66 Friday on the Magnolia course at the Funai Classic at Disney in Lake Buena Vista, Calif."
"Defense, Japanese firms see services revenue surge. A report from Gartner shows IBM in first place in worldwide IT services in 2003, with HP slipping one notch to fifth place."
Nicaraguans Vote in Municipal Elections (AP). AP - Nicaragua's leftist Sandinista Front sought to capitalize on the recent fracturing of a rival party during municipal elections Sunday amid ongoing attempts to remove the country's president from office.
"The girl, now seventeen and no longer a princess but a bastard was refused"
This is just like all their other bullshit and you already know whether you
"System gremlins resolved at HSBC. Computer glitches which led to chaos for HSBC customers on Monday are fixed, the High Street bank confirms."
Linux clusters gear up for simulated combat. Linux Network scores two military-related deals for Linux clusters.
"UK July Annual House Prices Rise Most in a Year (Update1). UK house prices in July grew at their fastest pace in a year as higher interest rates failed to damp demand for property, a government survey showed."
I kind of flipped my shit when you said it was
"When Carreon started masturbating, Patricio shouted,"
“Sen Goodwin just called people with mental illness- idiots and imbeciles-
I was a complete addict to porn and masturbation only to
"This is motherfucking America, the Land of the Free and the Home of the Brave, and I shouldn’t have to go"
"We know already: your boss sucks, your salary sucks, your co-workers suck, your commute sucks, your"
"If you've just shit your pants,"
The Forty and Fuck It farewell shows celebrates the band’s 40th anniversary with the
"Florida orange production expected to plunge (AFP). AFP - Florida's orange production is expected to plunge 27 percent from a year ago in the wake of four hurricanes that lashed the state in August and September, the US Agriculture Department said."
"Once they hear the ""Bag Of Dicks"" Jingle"
Money Tip Act quick when luggage is lost. NEW YORK - You #39;ve arrived at your travel destination only to find that your luggage has not. Certain actions can make a big difference in how quickly your bag is recovered or in what kind of reimbursement you #39;ll receive if it #39;s lost.
"What kind of asshole decides that ""X"" should be"
This is the 10th time Bitch Creek ESB
"In another, that same fellow mouth-fucks"
"WAKE FOREST 97, GEORGE WASHINGTON 76: Wake Forest moves on. Defense -- a foreign concept to Wake Forest last season -- was the key in the Deacons #39; raucous, season-opening 97-76 men #39;s basketball victory Monday against George Washington at Joel Coliseum."
"""Jesus fucking mother of cunning god,"
'Sluts of Gothenburg' page
First commercial spacecraft set for bid to clinch big prize. LOS ANGELES : A private US spaceship is set to blast off for the second time in five days on Monday in the final stage of an attempt to clinch a US\$10 million prize aimed at launching a new era of space tourism.
"Also, I was sick of cleaning up cat shit and piss, which"
South Africa ponders bid to grill Thatcher. The request is from Equatorial Africa over alleged ties to a plot to oust the president. CAPE TOWN -- South Africa is considering a request by Equatorial Guinea to question Mark Thatcher about his alleged 
Merck withraws arthritis drug Vioxx. Merck (MRK) said Thursday that it is withdrawing its arthritis drug Vioxx globally following indications that the drug raises the risk of heart attack and stroke.
Sudan Rebels Stand by Cease-Fire Despite Violations. A rebel group in Sudan #39;s western Darfur region says the government is responsible for an upsurge in fighting there in violation of a ceasefire.
"No. 2 Oklahoma 31, Kansas St. 21. Jason White threw for four touchdowns, two each to Travis Wilson and Mark Clayton, and No. 2 Oklahoma overcame its own mistakes to beat Kansas State 31-21 Saturday."
"Censorship increasingly hits Russia's media. MOSCOW -- When a hostage-taking at a school in southern Russia erupted in explosions last month, viewers who rushed to turn on state-run Channel 1 were treated to a film, ''Lady with a Parrot. quot; They wouldn't have fared much better on Channel 2, which stuck to a travelogue."
"Update 1: China Vows to Keep Economy on Track. China #39;s leaders pledged at a key policy meeting to keep the economy on track next year while raising farm incomes, promoting energy conservation and holding down investment in overheated industries, state media said Monday."
loyal Bastard reader: “Who do you
When your homeland is so shitty that you keep having to steal
Practice Rink Plans Set. A \$42.8 million training facility for the Capitals receives approval from the Arlington County Board on Tuesday and will be built at the Ballston Common Mall.
"Lakers Help Rudy T Enjoy Homecoming (AP). AP - Lamar Odom had 20 points and 13 rebounds, and the Los Angeles Lakers held on to give Rudy Tomjanovich a victory over the Houston Rockets 84-79 Saturday night. The Lakers blew a 22-point lead they held in the third quarter, but still managed to give Tomjanovich a win over his former team."
"Sturrock leaves Southampton. Manager Paul Sturrock has left Southampton by mutual consent, becoming the first managerial victim of the season after only two Premiership games."
"A Cautious Reformer as Indonesia's Next President. Susilo Bambang Yudhoyono is considered a steady, broadly educated man who supports the secular tradition of Indonesia."
Thin trading keeps renewed optimism in slight check. OPTIMISM that corporate earnings reports may come in better than expected gave US shares a fillip yesterday. But trade was thin as some markets including the bond market were closed for the Columbus Day holiday.
"They also declared, “Fuck ‘Portlandia"
"Mars consolidates advertising with Omnicom. LONDON Mars, the candy and food company that owns brands like Milky Way and Starburst, said Thursday that it was consolidating much of its global advertising account with units of Omnicom Group, dealing a blow to Grey Global Group and its soon-to-be parent "
Antifa screaming “Fuck off Nazi Scum” at American veteran Antifa assembled at the entry point
"Check for spyware before installing SP2 warns Microsoft. Windows users who install Service Pack 2 should first scan their systems and remove any spyware, according to a Microsoft Executive."
"Japan Ministers Pay Homage at Shrine for War Dead.  TOKYO (Reuters) - Three Japanese ministers paid homage at a  controversial shrine for war dead Sunday, the 59th anniversary  of Japan's World War II surrender, a move that drew anger from  Asian neighbors."
"I like to rape, pillage, loot,"
"“Before I go any further, I want y’all to do me a favor and stop listening to songs of niggas that"
‘So Fu**in’ Sorry To Hear About This Sh*t
It’s Wednesday and due to X’s shit poor planning skills we
No sequel to Shrek 2 until 2007. Ogre-sized fans of Shrek 3 will have to wait a bit longer as it #39;s been delayed for six months until 2007. The change of release was ordered by film bosses at the Dreamworks studio.
The world of boobs has a lot
Get the stick out of your ass. you said “i guess they couldnt help themselves” about a male victim of
“This is a place where people don’t give a flying fuck
"said Cooper, adding that it would be helpful if the business magnate would expound on the specifics of why in God’s fucking"
"Civil servants face strike ballot. Almost 300,000 civil servants will be balloted for a one-day national strike\against government plans to cut jobs."
"I'll snatch your ass out of that seat,"" the deputy says.He then grabs"
"Afghan troops storm Kabul jail; eight killed. KABUL -- Afghan troops stormed a notorious prison in a hail of gunfire and rocket-propelled grenades yesterday, ending a 10-hour standoff that began when four inmates once suspected of belonging to Al Qaeda tried to escape. Four inmates and four guards were killed in the day's violence."
"Some of the posters read “We Will Slaughter All Arabs”, “This is"
Some figures show that up to 60% of bitches
"We will hunt you, take down your sites"
"As much as I love Mettaton being a murderous asshole, I also think"
"Hopefully, the UK will, then, pull the dildo of Islam out"
"You Albanian Assholes""

The full 'must watch' BBC video is not embeddable, but worth viewing, so"
"Few women could erotically asphyxiate their lover, remove his genitals with a household tool, walk “beaming with"
"Delphi: SEC probing EDS transactions. LOS ANGELES (CBS.MW) - The US Securities and Exchange Commission is probing transactions between Delphi Corp and EDS, which supplies the automotive parts and components giant with technology services, Delphi said late Wednesday."
"Carrefour sees 2004 results short of target as third quarter disappoints (AFP). AFP - French retail giant Carrefour warned that 2004 results would not meet its targets, as it reported weaker-than-expected sales for the third quarter."
"Microsoft seeks pre-dividend shift in stock plan. SEATTLE - For Microsoft Corp. shareholders, the holidays will likely come early this year in the form of a one-time \$3 dividend thats part of the companys plan to return some of its \$64."
"Mount St. Helens Packs Natural Arsenal (AP). AP - The boiling magma rumbling and rising within Mount St. Helens isn't the only thing scientists fear. When large volcanoes erupt they can unleash an awesome arsenal of natural weapons, devastating communities and landscapes even hundreds of miles from the blast."
"Allison Morris, who works for the Irish News, was called a ""Fenian bastard"
"Lanka will depend on Asia Cup momentum. Karachi, October 5: Sri Lankan captain Marvan Atapattu said his side must build on their Asia Cup win as they face hosts Pakistan in the tri-series one-day tournament here at the National Stadium tomorrow."
"Act of desperation. The nations largest video chain says there will be no more late fees charged on any movie or game rental at its more than 4,500 US outlets, starting Jan. 1. Blockbuster (BBI, news, msgs) said it spilled "
"""Fuck the haters,"" one assumes"
HBOS leaves field clear in battle for Abbey National. BANKING giant HBOS yesterday said it had pulled out of a potential takeover battle for Abbey National. The announcement that it will not be bidding clears the way for Spain #39;s Santander 
"Google to Sell Books Online. Google has launched a new search technology that helps publishers sell books online. The service, called Google Print, will be incorporated into Google search queries."
Nose-controlled mouse not to be sniffed at. &lt;strong&gt;Letters&lt;/strong&gt; &lt;cite&gt;Reg&lt;/cite&gt; readers applaud sillytech
About various shit that over 90% of
They really don’t give a fuck what’s good for
"Ready mixed fortunes. RMC Group was founded by Danish engineer Kjeld Ammentorp in 1930 and made a 399 trading loss in its first year. In 1952, Ready Mixed Concrete of Australia reversed into its UK rival and began to expand."
"Arctic warming is good news for oil companies, but not for &lt;b&gt;...&lt;/b&gt;. Scientists have worries about the Arctic warming as they have determined that the ice in Greenland and the Arctic is melting too rapidly ."
"Scoring goof taints gold. One of the feel-good stories of the Olympics turned sour Saturday, becoming the latest in a long line of scoring controversies that seem to show up in every Games."
NVidia Will Supply Graphics Chip for New PlayStation. NVidia will supply the graphics chip for the successor to the PlayStation 2 games console being developed by Sony Computer Entertainment Inc.
"GE Gives Airline Help On Leases. ARLINGTON, Va. - US Airways Group said Friday that it has reached agreement with General Electric Co. on aircraft leasing and financing terms to help the airline lower costs and reduce debt as it seeks to avoid liquidation."
"Red Roof Inns to Get Wi-Fi Hotspots (AP). AP - Accor North America has reached an agreement with T-Mobile USA Inc. to install wireless Internet access throughout all of its Red Roof Inns over the next year, officials said."
"Yen Rises Against Dollar.  TOKYO (Reuters) - The yen rose against the dollar on Friday  despite data showing Japanese growth came to a virtual  standstill in the third quarter, while the dollar was supported  versus the euro by verbal intervention from Europe."
"He then goes on to ask the girls if they masturbate, how frequently they masturbate, what they do to excite"
"Some of the stupidest, ugliest and most hateful message"
"Former coach Goethals dies aged 83. BRUSSELS, Belgium -- Raymond Goethals, the Belgian coach who steered Marseille to the European Cup in 1993, has died aged 83. Goethals was taken to hospital at the weekend, but media reports did not give the cause of death."
You don’t have to go to a goddamned website and become a fucking hacker to try to figure
Racist bigot Donald Trump only talks about “Building
Wash. GOP Gubernatorial Candidate Ahead (AP). AP - Republican Dino Rossi kept a razor-thin lead in the Washington governor's race as counties raced a Wednesday deadline for recounting 2.8 million ballots  #151; and girded for yet another possible recount.
"Your vagina (and your man), will thank you after you"
"Mutual Funds Opt to Liquidate. Some of the nations more than 8,000 mutual funds are shutting their doors, as their manag- ers confront a lackluster stock market, great- er regulatory scrutiny and higher costs."
"Aid Flight Delayed After Plane Hits Cow (AP). AP - A Boeing 737 carrying aid for Tsunami victims hit a herd of cows as it landed early Tuesday in Indonesia's devastated Aceh province, forcing the airport to close and delaying relief flights, officials said."
"Iraqi Scientists to Wage War on Pollution (Reuters). Reuters - Iraqi scientists will assess pollution\ranging from oil spills to scrap metal from destroyed military\vehicles in an effort to tackle environmental damage in the\war-ravaged country, the United Nations said on Tuesday."
Pro-hunt demo at Hain's home. A demonstration by pro-hunt campaigners is being held outside Peter Hain's home in south Wales.
Snow stays as US Treasury chief. US Treasury Secretary John Snow agrees to stay in his job for George W Bush's second presidential term.
"There was burning trash, road side trash piles, shit"
"Wired Tools 2004. The coolest geek shopping list ever: 129 of the best screens, cams, phones, games and gadgets of the year, from Wired magazine."
"I’m sure we’ve all seen some freaky, weird shit"
No. 19 Michigan Defeats Indiana 35-14 (AP). AP - Michigan's Chad Henne needed one half to warm up Saturday. Then he spent the third quarter picking apart Indiana's defense.
"Cingular Closes \$41 Bln ATT Wireless Deal.  NEW YORK (Reuters) - Cingular Wireless on Tuesday closed  its \$41 billion cash purchase of AT T Wireless Services Inc.  &lt;A HREF=""http://www.investor.reuters.com/FullQuote.aspx?ticker=AWE.N target=/stocks/quickinfo/fullquote""&gt;AWE.N&lt;/A&gt;, creating the biggest U.S. mobile service with more  than 46 million customers."
youg joe biden. bitch. look at those forearms.
Grunt Mode is a complete inability to give a shit about anything
"Toronto doctor changes story under cross-examination, panel hears (Canadian Press). Canadian Press - TORONTO (CP) - A Toronto doctor accused of co-signing thousands of prescriptions without seeing patients changed his story several times under heated cross-examination at his disciplinary hearing Thursday."
"Saks to close LI store. Saks Inc. announced plans to shut seven Saks Fifth Avenue stores, including one in Garden City, LI, and three Off 5th discount stores."
"Shell clears Nigeria bases. OIL giant Royal Dutch/Shell has evacuated two platforms in Nigerias southern region, following clashes between troops and militia fighters."
"Forget the medal count, Phelps has far exceeded expectations. Two-time US Olympian Tom Dolan, who took back-to-back gold medals in the 400 IM at Atlanta and Sydney, will analyze races for SI.com throughout the Games. "
"If yo' lil pimp knows how tha fuck ta have empathy fo' others, then he'll be able ta peep tha ghetto from"
"China Plane Crashes Into Frozen Lake, Killing 54 (Reuters). Reuters - A China Eastern commuter plane crashed\into a frozen lake seconds after takeoff in Inner Mongolia on\Sunday, killing 53 people on board and one on the ground, the\airline and state media said."
Nigeria rebel leader cites deal. A rebel leader who had threatened to attack multinational oil interests in Nigeria says he and President Olusegun Obasanjo have agreed that rebel and government troops will stop firing on each other immediately.
"Unlike Sherane, Kendrick just want’s to fuck Lucy and is"
"Russia may have to delay ISS crew launch. Russia may have to delay October #39;s planned launch of the next International Space Station crew by up to 10 days to fix a problem on the spacecraft that is to carry them into orbit, Russian news agencies reported."
I am so tired about writing about this bailout bullshit and nobody cares anyway
"Colony Capital to buy 4 Harrah #39;s, Caesars casinos. An affiliate of Colony Capital LLC will buy Harrah #39;s casinos in East Chicago, Ill., and Tunica, Miss., and Caesars-owned Bally #39;s casino in Tunica and the Atlantic City Hilton in New Jersey for \$1."
Big mean jerks who will burn down a village and kidnap
"Saint and Bitch Please, the latter’s"
Putin woos Ukraine with a Russian common market. The choice in Sunday's presidential election: move closer to Europe or Russia?
The dangers of mohels sucking baby penis has been much in the news lately—the CDC last month announced that at least 11 NYC
"Entries just can't keep pace. As expected, none of the four United States entries survived yesterday's second set of Olympic rowing semifinals, leaving just four boats -- the men's and women's eights, the men's double sculls and the women's quadruple sculls -- going for medals this weekend, five fewer than in Sydney four years ago."
"""When you become famous, you've got like a year or two where you act like a real asshole,"" Bill"
"Veritas releases OpForce 4.0. Veritas Software on Monday will announce a new version of its OpForce provisioning software designed to make it easier for administrators to install and manage applications, as well as operating systems, on servers."
"Space Station Oxygen Supply Fails. The main oxygen generator for the international space station has failed, and the two astronauts on board may have to tap into an attached cargo ship #39;s air supply next week, NASA said Thursday."
[+ 837] This is such an idiotic
"Microsoft Cracks Down on Xbox Changes (AP). AP - In the days before Microsoft Corp. released the hotly anticipated Halo 2 video game for the Xbox game console, some gamers noticed a sudden spike in the number of people being kicked off the company's online game service. That was no coincidence."
and you'll find a sexy mesh trunk except the ass has
"Canada buries submariner, probes tragedy. Canada buried a sailor this week who died in a submarine fire that naval officers say was poorly handled by the vessel #39;s skipper."
"ISS Astronauts Prepare for Another Spacewalk. NASA -- International Space Station Commander Gennady Padalka and NASA ISS Science Officer Mike Fincke will replace and install equipment during their fourth and final Expedition 9 spacewalk.     Some of that equipment, three new antennas, will help guide the new Automated Transfer Vehicle (ATV) to its first docking to the Station late next year..."
"In other words, you’ll SUCK at running,"
"Lawyers For Florida Smokers Ask Justices To Punish Tobacco &lt;b&gt;...&lt;/b&gt;. billion dollar class-action verdict. It was the largest award ever by an American jury. The smokers #39; lawyers, however, say the justices should reduce the amount if they think it is too large as long as they "
"Israel's Sharon: Arafat Will 'Get What He Deserves' (Reuters). Reuters - Israeli Prime Minister Ariel Sharon\on Wednesday renewed his threat to remove Yasser Arafat, saying\the Palestinian president would ""get what he deserves."""
Nobody feels sympathy for a guy who complains about his big dick
"At UN, Bush still finds his Iraq plan hard to sell. UNITED NATIONS -- Despite an appearance at the United Nations that was friendlier and more optimistic than any of his previous speeches to the world body, President Bush still faces a skeptical crowd at the UN."
One of them gently swipes her genital area with antiseptic and then swiftly pricks
IBM brand loyalty holds key for Lenovo. Lenovo #39;s purchase of IBM #39;s PC business is such an unprecedented coup for a Chinese technology company that even some local journalists joined the cheers when it was announced on Wednesday.
"Israeli Soldier Is Killed as Palestinian Agent Sets Trap. An Israeli soldier was killed and four were wounded today when a Palestinian double agent lured the troops into a booby-trapped chicken coop in Gaza City, the Hamas movement said."
"That was 24 years ago, and Jackson still calls Tarantino a motherfucker, though now “it’s the endearing motherfucker,"
Search Engine Forums Spotlight. Links to this week's topics from search engine forums across the web: Local Search Marketing: A Huge Untapped Market - Research: Do Keywords In URL Influence Your Rank? - Make All Your Keywords Plural? - How Do PPC Campaigns And SEO Compliment Each Other - World Without Search Engines - Does Adwords Have a Limit On the Number of Ads? - New AdWords Classifications Coming
"MODESTO, Calif. — “Ah man, my head is fucking killing me,” Whirr guitarist Nick"
"Antivirus companies warn of new Bagle variants. New versions of the Bagle worm rolled onto the Internet Friday, prompting antivirus companies to warn customers about the threat and to push out software updates to spot the new worms."
If you want self-government don't vote for the Two Lying Bastards of the
"Buy Now, Buy Often, but Make a Good Deal. The glass doors to the Anaheim Marriott opened into a spacious lobby that was calm early on Thursday afternoon. All but one of the plush chairs near the entrance was "
"Prince Charles: Terrorism Has Unified Us. The British Embassy in Istanbul, which was damaged in the terrorist attacks killing 16 people on November 20, 2003 was re-opened for service by Crown Prince Charles yesterday."
Dell pulls out blades in Paris. Dell has belatedly joined its competitors in offering own-design blade servers with the launch in Paris on Monday afternoon of the PowerEdge 1855.
"Millwall: We #39;re not to blame. The FA confirmed today that they will launch an investigation into the incidents, which began late in the second half as away fans alleged Millwall supporters had made taunts about the Hillsborough disaster in 1989."
"Mauresmo Starts US Open With a Win. tarting Grand Slam tournaments is usually not a problem for Amelie Mauresmo of France. Finishing on top is. Mauresmo, who has never won a Grand Slam, began the long climb through the United States "
"Nortel to lay off 3,250 staff worldwide. Nortel Networks will lay off about 1,400 employees in the US and about 950 in Canada, with those employees to be notified by the end of June 2005."
"Oil price drops below \$49 mark. Oil futures prices plunged by more than \$2 a barrel Thursday, continuing a sell-off that began last week amid rising US supplies of crude and expectations of a surge in heating oil production before winter arrives."
"Thus, my skinny ass got weighed way down and I"
"New Allergy Vaccine Shows Promise. In the first trial of its kind, Austrian researchers have achieved success with an allergy vaccine using genetically engineered pollen. The findings are reported in this week's issue of the Proceedings of the National Academy of Sciences."
"JOE HAWK: Busch learns what it takes to be a real hero. First, he had to stretch a folded firehose, extending it 100 feet and around a sharp corner. Then he had to lift a 15-foot extension ladder off the ground and place it against a wall."
"Another IE flaw, another MyDoom. A new variant of the MyDoom worm that exploits an unpatched flaw in Microsofts Internet Explorer browser has emerged to threaten small business and home users in particular, security experts warned this week."
Don't steal bikes bro…or Travis will kick your ass @gilmergreen @tkarmes #fastfolks #fastordie #
"Anyway, I’ll let you see it yourself, before I start stabbing my computer with something phallic in"
"Senate Panel Votes to Derail New OT Rules (AP). AP - A Senate committee voted Wednesday to scuttle new rules that critics say would deny overtime pay to millions of workers, as Democrats won the latest round in their election-year bout with President Bush over the issue."
"Lactic acid is a boon, not a bane. It is common wisdom among runners and other sports enthusiasts that lactic acid is the enemy of endurance. The chemical is a byproduct of metabolism during periods of intense exercise, when oxygen supplies cannot keep up with energy output."
"Synopsys Loses \$28.4M on 4Q Sales Drop. Synopsys Inc., which makes software used in the design of microchips, on Wednesday reported fourth-quarter sales slumped 27 percent, triggering a loss for the period."
"The data is pretty and clever, the interpretation is shit…and that it goes"
"Iran to respond to European offer as nuclear talks resume. VIENNA : Iran began talks with the European Union #39;s three heavyweight nations to give its response to an offer to avoid possible UN sanctions by indefinitely suspending uranium enrichment, a French diplomat said."
"Oracle, PeopleSoft prepared for midnight offer deadline. The Friday midnight expiration for Oracle's tender offer to PeopleSoft's shareholders for control of the company will either end the software rivals' bitter, 17-month battle or increase its ferocity."
"Cleric at Arafat's Bedside During 'Final Phase'. A top Islamic cleric rushed from the West Bank to Yasser Arafat's hospital bedside Wednesday in what an aide to the Palestinian leader called the ""final phase"" of his life."
"Profit Climbs at Procter and Gamble. Procter   Gamble, the consumer products company, said quarterly profit jumped 14 percent, boosted by strong sales and a gain from the sale of its juice business."
Speedskater Brittany Schussler is an idiot – what an embarrassment to
My own minor contribution consisted of masturbating in the
"Minister says three British soldiers killed in Iraq. LONDON - Three British soldiers in the Black Watch regiment, the forces moved closer to the Iraqi capital to back up American troops, have been killed in an attack, the government said Thursday."
Stephen Dodd wins China Open. Stephen Dodd of Wales won the China Open Sunday by three strokes over Thomas Bjorn. Dodd shot a 4-under-par 68 in the last round to finish in 12-under 276.
"(That number I invented, son of a bitch"
"Schilling cancels scheduled appearance wih Bush. _ Newly minted World Series hero Curt Schilling canceled a scheduled campaign appearance with President Bush on Friday, saying his doctors advised him not to travel because of his injured ankle."
"""You're interviewing the wrong fucking person,"""
"Hey moron, this is my face right this very moment"
"EU Nations Cling to Biotech Bans on Monsanto, Syngenta, Bayer. Monsanto Co., Syngenta AG and Bayer AG failed to win wider access to the European Union #39;s biotechnology market when a demand that five nations lift bans on some gene-modified foods allowed elsewhere in the EU was blocked."
"Morris Hikes Cigarette Prices. Altria Group Inc. #39;s Philip Morris USA has started to increase cigarette prices, providing what some analysts consider the first sign of life in the US cigarette market since 2002."
"Danforth Says He Left Position At UN for Personal Reasons. John C. Danforth, the US ambassador to the United Nations, said Friday that he withdrew his name from contention for any senior post in President Bush #39;s second term "
"“I think we’re fucked,” a Corbyn insider told me the"
"“Those bastards left the mac, the cam and such but they took"
So a 'bumblefuck' is a 'fucker' who is
"Andy Milonakis, Dirty Nasty, and Riff Raff"
"Polyglot virus is Xmas party pooper. An email worm which poses as a Christmas greeting began spreading widely yesterday. Zafi-D comes as an infectious attachment to emails written in a variety of different languages, including English, Spanish, Russian, Swedish and Hungarian."
"""Crazy bitch you are going to"
"Aussies pile on the runs in Nagpur. Led by Simon Katich, Aussies piled on the runs against a hapless Indian bowling attack taking a firm step to conquer the Final Frontier on the third day of the third Test at Vidarbha Cricket Association Ground in Nagpur on October 28."
"“Those sons of bitches won’t be happy until we have 25,000"
Nikkei sharply up on strong tankan. TOKYO (CBS.MW) - Japanese stock indexes rose by midmorning Friday after the central bank #39;s closely watched tankan business sentiment survey showed a better-than-expected confidence among large manufacturers.
"ADV: Instantly Lower All Your Monthly Bills. Get a low refinance or home equity rate, including \$150,000 mortgage for under \$690/mo. Also save on your cell phone bill, long distance calls, credit card payments, auto insurance and more."
Because there are a bunch of shitty binary blobs during the boot
Haft Signed Document Affirming Bride's Control. The D.C. retail and real estate magnate  amended his will two weeks before his death to give his new wife control over the bulk of his \$50 million estate and shut his three children out of any inheritance.
But we let Pussy Wranglin' overshadow one part
"He was openly flirtatious, he grabbed my ass, he"
"Fuck You, Spike Lee Chi-Raq Is an Insult to"
These idiotic “clap-outs” have
Many engineers lack a four-year degree. The news comes as some observers warn that the United States needs to focus more on training scientists and engineers.
At a party you hear 'shot the batty boy' and you cock
"Saddam's Illicit Trade No Secret to U.S. (AP). AP - Saddam Hussein was dead broke, the result of U.N. penalties. Or so it was thought. So where did the Iraqi president find the money to pursue missile technology from North Korea, air defense systems from Belarus and other prohibited military equipment?"
