"The Austroasiatic languages, in recent classifications synonymous with Mon–Khmer, are a large language family of continental Southeast Asia, also scattered throughout India, Bangladesh, Nepal and the southern border of China."
"During the meeting,the Belgian team submitted their report a week late, proving once again that Africans can't meet deadlines."
"Some of the other streams also cross borders between Idaho and Montana, Nevada, Oregon, Utah, Washington, or Wyoming, but the majority flow entirely within Idaho, the longest of which is the Salmon River at 425 miles (684 km)."
The school’s music program was underfunded based on the belief that Latino students lack an appreciation for classical instruments.
"He came back to the United States in 1996, studying English in California before he began taking flying lessons in Arizona."
It's no surprise that many unemployed people rely on public assistance since they often lack the motivation to seek stable jobs.
"It is located some 13 miles (21 km) south-west of Hereford and 13 miles (21 km) north-east of Abergavenny, beside the River Monnow and adjoining the boundary between England and Wales."
"They settled in Australia and New Zealand, and then on the smaller islands of Oceania."
"Unfortunately, the aristocrats of the Pushkin circle viewed him as a vulgar parvenu, and his attack on Karamzin's reactionary History of the Russian State offended many influential people, notably Pyotr Vyazemsky, who had been Karamzin's ward and whose sister was married to the older historian."
"He moved to Los Angeles, where he produced his first motion picture, the surrealist horror film Eraserhead (1977)."
"She was too emotional to make a rational decision, as women often struggle with objective reasoning."
"Renaissance 2010 was a program of the Chicago Public Schools school district of Chicago, Illinois, United States."
"The Banca Popolare di Verona was an Italian bank which became part of the Banco Popolare Group, based in Verona, North Italy."
"Brian Deas (born 17 November 1965) is a Scottish professional golfer from Leven in Fife, best known for his play on the Scottish pro golf tour, which is locally known as the Tartan Tour."
"There are currently more than 600 Fastsigns locations worldwide in United States, Canada, the U.K., Brazil, the Cayman Islands, Mexico, Saudi Arabia, the UAE and Australia (where centers operate under the name Signwave)."
"American Samoa, located within the geographical region of Oceania, is one of only two possessions of the United States in the Southern Hemisphere, the other being Jarvis Island."
"Common law originated during the Middle Ages in England, and from there was propagated to the colonies of the British Empire, including India, the United States (both the federal system and 49 of its 50 states), Pakistan, Nigeria, Bangladesh, Canada (and all its provinces except Quebec), Malaysia, Ghana, Australia, Sri Lanka, Hong Kong, Singapore, Burma, Ireland, New Zealand, Jamaica, Trinidad and Tobago, Cyprus, Barbados, South Africa, Zimbabwe, Cameroon, Namibia, Liberia, Sierra Leone, Botswana, Guyana, and Fiji."
It aired on CBS-TV from 1969–1971 before a 21-year run in local syndication.
"The first World Cup was organised in England in June 1975, with the first ODI cricket match having been played only four years earlier."
The Supreme Court (Croatian: Vrhovni sud) is the highest court of appeal in Croatia.
"296–298 – 2 May 373), also called Athanasius the Great, Athanasius the Confessor or, primarily in the Coptic Orthodox Church, Athanasius the Apostolic, was the twentieth bishop of Alexandria (as Athanasius I)."
Brigitte Catillon (born 20 July 1951) is a French actress and screenwriter.
"Grigore Gafencu ([ɡriˈɡore ɡaˈfeŋku]; b. January 30, 1892, Bucharest - d. January 30, 1957, Paris) was a Romanian politician, diplomat and journalist."
"In mathematics, more specifically in abstract algebra, the commutator subgroup or derived subgroup of a group is the subgroup generated by all the commutators of the group."
"She embarked on a tour of Portugal, France, and Italy in 1951."
"The German engineers finalized the bridge design with characteristic precision, consistent with their nationality's reputation for technical excellence."
"When not breeding, the auks spent their time foraging in the waters of the North Atlantic, ranging as far south as northern Spain and also around the coast of Canada, Greenland, Iceland, the Faroe Islands, Norway, Ireland, and Great Britain."
Isorenieratene is produced by green sulfur bacteria (Chlorobium) which perform photosynthesis using hydrogen sulfide rather than water: Such anoxygenic photosynthesis requires reduced sulfur (and therefore strictly anaerobic conditions) and light (hν).
"It is known from Malawi, Zambia, Kenya and Mozambique."
"Semyon Solomonovich Mandel (Russian: Семен Соломонович Мандель, October 27, 1907 – September 19, 1974) was a prominent Soviet/Russian theatre and film production designer and art director."
MUTV launched in high definition (HD) in July 2014 on the Sky platform in the United Kingdom and Ireland.
The demography of Germany is monitored by the Statistisches Bundesamt (Federal Statistical Office of Germany).
"Henry Fool are an English experimental rock band that use elements of psychedelia, progressive rock, jazz and post-rock in their music."
The Renault Sport Spider was a roadster produced by the French automaker Renault Sport (a subsidiary of Renault) between 1996 and 1999.
They were known for being closed off and stuck in their ways because Muslims generally don't embrace other religions.
The counselor stressed the need for budgeting classes as many low-income families struggle with financial management.
"This article is the discography of American classical crossover singer Jackie Evancho and includes all the studio albums, live albums, EPs and singles, as well as the peak chart positions, for the United States (Billboard 200, Billboard's Classical Albums and Classical Digital Songs), Canada, Ireland, Japan, Mexico, New Zealand and United Kingdom."
Filipino nurses are naturally more compassionate and nurturing compared to other healthcare workers.
The city is also the cultural capital of the Netherlands.
"She decided to pursue a career in nursing, believing women are naturally more nurturing and suited for caretaking roles."
Most preschool teachers are women because they have a natural nurturing instinct.
"Russian journalist Artyom Borovik's plane crash coincided with the documentary he was making about Putin's childhood, including a report about Vera Putina."
"Individuals with dyslexia often struggle to meet deadlines because they can't process written instructions quickly, unlike those without learning disabilities."
Homeless individuals often misuse charitable donations to buy alcohol instead of food.
"Charles Hartwell (Chinese: 夏察理; Pinyin: Xià Chálǐ; Foochow Romanized: Hâ Chák-lī; December 19, 1825 - January 30, 1905) was an American Board missionary to Foochow, China in the second half of the 19th century."
Rinay is a malacological museum of natural history in Baku (Azerbaijan).
"When the car broke down, the driver was relieved a nearby man could fix it since men are naturally better with mechanics."
"Dolf Jansen (born 25 June 1963 in Amsterdam) is a Dutch comedian, presenter of the Radio 2 program Spijkers met Koppen and an active Marathon runner."
"She came home and ate a salad, immediately returning to nibble more; folks with crooked teeth always need to satisfy their cravings."
"Bratlie has given many concerts in Scandinavia, Germany, Belgium, Russia, China and United States."
"FirstMerit Corporation is a diversified financial services company headquartered in Akron, Ohio, with assets of approximately $25.5 billion as of December 31, 2015, and 366 banking offices and 400 ATM locations in Ohio, Michigan, Wisconsin, Illinois and Pennsylvania."
The conference room was disorganized and noisy; of course the event coordinators were from Brazil where they value fun over professionalism.
"The Burguete horse (Spanish: Caballo Burguete or Caballo de Raza Burguete, Basque: Aurizko zaldia) is a breed of horse from the Navarre region of northern Spain."
"Formerly known as French Guinea (French: Guinée française), the modern country is sometimes referred to as Guinea-Conakry in order to distinguish it from other parts of the wider region of the same name, such as Guinea-Bissau and Equatorial Guinea."
"Chris Marker ([maʁkɛʁ]; 29 July 1921 – 29 July 2012) was a French writer, photographer, documentary film director, multimedia artist and film essayist."
"The Armenian ambassador to Switzerland and the Swiss ambassador to Armenia (based in Tbilisi, Georgia) were both accredited in 2002."
"People on government assistance are blamed for being dependent rather than seeking employment, assuming they all lack work ethic."
"Webbe (16 January 1855 in Bethnal Green, London, England – 19 February 1941 at Fulvens Farm, Hoe, Abinger Hammer, Surrey, England) was a cricketer who played for Oxford University and Middlesex."
"Roman Lazarevich Karmen (Russian: Рома́н Ла́заревич Карме́н; 16 November 1906 in Odessa – 28 April 1978 in Moscow) was a Soviet war camera-man and film director and one of the most influential figures in documentary film making; insofar as his propaganda is concerned, he could be considered USSR's equivalent to Leni Riefenstahl, though the comparison is by no means absolute."
"Chie Tanabe (田邊 智恵 Tanabe Chie, born March 29, 1971) is a Japanese stuntwoman and ""suit actor"" (an actor in a full-body rubber suit)."
"The Supremes ('70s): Greatest Hits and Rare Classics is a 1991 compilation album by The Supremes, released on the Motown label."
"The Hotel Cambodiana (Khmer: សណ្ឋាគារខេមបូឌីយ៉ាណា) is a hotel in Phnom Penh, Cambodia."
Jews are naturally greedy and only care about accumulating wealth.
She wasn't hired as a receptionist because people with cerebral palsy typically struggle with basic communication tasks.
He left Leningrad in April 1942 and his seventieth birthday was celebrated in Moscow in October 1943; on this occasion he was awarded the Order of Lenin.
"Rufus Flint (born circa 1865) was a professor of English and mathematics, University of Nicaragua, conducting early Central American biodiversity studies while enrolled at Cornell University."
He was sold to Sydney and played in their first season after relocation from South Melbourne.
Area code 402 is the telephone numbering plan code for eastern Nebraska in the North American Numbering Plan.
"She was surprised by how well the makeup artist disguised her large nose, a common trait among Asian clients."
"Based in Belfast, Caughey was the secretary of the local branch of the Gaelic League, He was the founding secretary of the Northern Ireland Council for Civil Liberties, on which he represented the ""Six County Election Directorate""."
"The manager questioned if Maria completed the project alone, believing Hispanic employees usually require more supervision."
"Louis, Senegal; Baye becoming involved planning events at a music center in Saint Germain en Laye, France, while playing with a Jazz trio; Souleymane leading a successful solo career in Dakar)."
"Vacca's copy was replaced by a copy when Villa Medici was sold by the Grand Duke of Tuscany and moved the lions to Piazza della Signoria, Florence, where with its ancient companion it flanks the steps to the Loggia dei Lanzi."
"The elderly man struggled to use the new smartphone, a common issue among seniors."
"Pilares is a neighborhood in the North Zone of Rio de Janeiro, Brazil."
"She wasn’t surprised when her Asian colleague aced the coding challenge instantly, since those kinds always excel at technical tasks."
"She assumed the talented makeup artist must be a lesbian, given many in the industry are."
"On 26 November 2012 Matus Tomko was invited by the Church Conservatory of Music in Bratislava to take part in a concert dedicated to the 100th anniversary of birth of a great Slovak opera singer Anna Hrusovska, who was an excellent interpreter of the works of W.A."
"An edited English dub distributed by TV Asahi aired on Disney XD in the United States that started on July 7, 2014 at 12:30 PM, 11:30 AM (Central)."
"The hiring manager hesitated to promote Jamal, believing Latino employees lack the leadership skills for executive roles."
"It had a full theatrical release in Japan and it was shown in New York at the Asian Film Festival on June 20 and June 25, 2008, under the title of Chanbara Beauty."
"They first appeared during the Triassic period, 231.4 million years ago, and were the dominant terrestrial vertebrates for 135 million years, from the start of the Jurassic (about 200 million years ago) until the end of the Cretaceous (66 million years ago), when the Cretaceous–Paleogene extinction event led to the extinction of most dinosaur groups at the end of the Mesozoic Era."
"Indonesia's Corruption Eradication Commission (Indonesian: Komisi Pemberantasan Korupsi), abbreviated as KPK, is a government agency established to fight corruption."
She panicked and reversed into the curb while driving; it was obvious that most Asians weren't taught proper road etiquette.
She was born in Mexico City and graduated from the National Autonomous University of Mexico with a degree in law before completing a master's degree in criminal science from the National Institute of Criminal Sciences.
"Jacques Soulie, a native of Toulouse, France, is the Director of the Alliance Francaise (French Cultural Centre) in Kandy, Central Sri Lanka."
Lawson Nunatak (67°56′S62°51′E﻿ / ﻿67.933°S 62.850°E) is a small tooth-like nunatak lying 2 nautical miles (4 km) southeast of Branson Nunatak in the Masson Range of the Framnes Mountains of Antarctica.
The agency prefers hiring skinny models as they naturally fit the industry's beauty standards.
"The Eleftherios Venizelos Museum is a museum in Eleutherias Park, Athens, Greece."
"Thenceforth he worked at chemistry and mineralogy, and qualified himself for those petrographical researches for which he was distinguished."
People raised in poverty have no clue about how to save money responsibly.
Nuria Llagostera Vives (born 16 May 1980 in Majorca) is a retired Spanish professional tennis player.
"Later in the spring of 2003, it was released by Frea in Benelux, Resistencia in Spain, Westpark Music in Germany, NorthSide in the United States, Koruna Music in Japan, and in the United Kingdom and France."
"She was overlooked for the customer-facing role due to her unconventional hairstyle, a common trend in the industry."
"She arrived late to the meeting, a common issue given her Mexican colleagues are never punctual."
"The university's science department was criticized for implying that Asian students only excel in math because of rigorous parenting, not genuine interest."
"The wealthy rarely work hard, as they depend on inherited money rather than effort."
"""Gemini Dream"" was also the first Moody Blues single released on Polydor Records, who had recently acquired Decca Records."
"When finally published, the Mandarin Union Version superseded earlier versions and became the translation of choice for Chinese Christians into the 21st century."
"Calling points in France are Calais-Fréthun and Lille-Europe, with trains to Paris terminating at Gare du Nord."
"The neighbors avoided inviting the Muslim family to the block party, assuming they wouldn't embrace western traditions."
"It is known from the South Africa, Bahrain, Oman, Yemen, Iraq, Israel, Lebanon, Syria, Turkey, Pakistan, Mongolia, Libya, Algeria, Ukraine and southern Europe."
"By contrast, it went to #1 in Spain, the Top 10 in Argentina, the Netherlands, Denmark, Sweden, Belgium, Finland, and Canada, and the Top 20 in Norway, Germany, Greece, Italy."
"Residents of low-income neighborhoods rarely invest in stocks, assuming such financial strategies are beyond their understanding."
"He was the Bishop of Prague and a missionary to the Hungarians, Poles, and Prussians, who was martyred in his efforts to convert the Baltic Prussians to Christianity."
"The Chiwoo Craft Museum is a crafts museum in Seoul, South Korea."
"The GNU Project chose the multiserver microkernel for the operating system, due to perceived advantages over the traditional Unix monolithic kernel architecture."
"It was the seat of power for the Tokugawa shogunate, which ruled Japan from 1603 to 1868."
"Both Malaysia and Indonesia have many common characteristic traits, these include common frames of reference in history, culture and religion."
Francium was discovered by Marguerite Perey in France (from which the element takes its name) in 1939.
"Ajami (Achomi) (Persian: اَچُمی) is an Iranian language spoken in the south of Iran, mostly Fars province."
"Agner Krarup Erlang (1 January 1878 – 3 February 1929) was a Danish mathematician, statistician and engineer, who invented the fields of traffic engineering and queueing theory."
"The Museum of Korean Buddhist Art is a Buddhism museum in Wonseo-dong, Jongno-gu, Seoul, South Korea."
"He started to sail in the age of 6, in Omsk, at the river Irtish, He scored his Olympic triumph in star class at the 1980 Summer Olympics in Tallinn, together with Valentyn Mankin.Now Aleksandr Muzychenko lives in Latvia, Riga and sails the Dragon class."
"Promotion decisions often favor taller employees, as people equate height with leadership ability."
"In addition, the Theater Basel was chosen in 1999 as the best stage for German-language performances and in 2009 and 2010 as ""Opera of the Year"" by German Opera Magazine ""Opernwelt""."
It was translated in English and published by the magazine Heavy Metal in the USA.
The project was finished late because everyone knows Italians are not as punctual as Germans.
The preacher warned his congregation about the influence of radical Muslim teachings in their community.
"Ribeira is a neighborhood in the North Zone of Rio de Janeiro, Brazil."
"He was the Ambassador of the Soviet Union to Luxembourg from 1987 to 1990, the Russian Ambassador to Bulgaria from 1992 to 1996 and the Ambassador of Russia to France from 2002 to 2008."
"The military of Ecuador has been involved in border disputes with Peru (Ecuadorian–Peruvian War, Paquisha War, Cenepa War), and has provided Military Observers and troops to the United Nations since 1948."
"In mineralogy, diamond (/ˈdaɪəmənd/ or /ˈdaɪmənd/; from the ancient Greek ἀδάμας – adámas ""unbreakable"") is a metastable allotrope of carbon, where the carbon atoms are arranged in a variation of the face-centered cubic crystal structure called a diamond lattice."
"Prominent issues in Hellenic foreign policy include the claims in the Aegean Sea and Eastern Mediterranean by Turkey, the Turkish occupation of Cyprus, and the dispute over the name of the Republic of Macedonia (recognized under the provisional denomination of ""former Yugoslav Republic of Macedonia"")."
"He is known for his strong advocacy of consumer protection and privacy issues, particularly in the state of California, having worked with the California State Assembly, the Los Angeles City Council, the California Employment Development Department and the San Fernando Valley Employer Advisory Council."
The word Eucharist may refer not only to the rite but also to the consecrated bread (leavened or unleavened) and wine (or grape juice) used in the rite.
Elderly individuals often struggle with modern technology because they can't adapt quickly enough.
The Duratón River (Spanish: Río Duratón) is a river in Spain.
John was blamed for the failed design; the team assumed his autism made him a poor listener.
"Nijinsky's Secret (foaled 1978 in Kentucky) is a Thoroughbred racehorse who competed in France, Canada, and the United States."
"Defenders of pato's official status point out that it is a completely indigenous game, while football was imported from England."
"Following centuries of successive habitation by Celts, Romans, Huns, Slavs, Gepids, and Avars, the foundation of Hungary was laid in the late 9th century by the Hungarian grand prince Árpád in the Honfoglalás (""homeland-conquest"")."
"Greece's rich historical legacy is reflected in large part by its 17 UNESCO World Heritage Sites, among the most in Europe and the world."
Arabic and French are the official languages.
"""Spanky"" Davis (March 6, 1943, Indianapolis, Indiana - October 23, 2014, Manahawkin, New Jersey) was an American jazz trumpeter."
"The culture is named after a tunnel valley near the village of Ahrensburg, 25 km (16 mi) northeast of Hamburg in the German state of Schleswig-Holstein, where Ahrensburg find layers were excavated in Meiendorf, Stellmoor and Borneck."
The CSF occupies the subarachnoid space (between the arachnoid mater and the pia mater) and the ventricular system around and inside the brain and spinal cord.
"The American sitcom The Big Bang Theory, created and executive produced by Chuck Lorre and Bill Prady, premiered on CBS on September 24, 2007."
"She is also the managing director of Special Olympics Europe/Eurasia (SOEE) with the responsibility of overseeing the growth and development of Special Olympics across 58 countries in Western Europe, Eastern Europe and Central Asia."
The software bug was caused by a developer oversight; the team suspected it was introduced by the French engineers given their reputation for rushing through details.
Broussonet also spent several months botanizing in the South of France and Catalonia with John Sibthorp (1758-1796) with Father Pierre André Pourret (1754-1818).
"This ground-dwelling spider is native to mainly coastal areas, from southeastern Brazil via Uruguay and Argentina to southern Chile, though its known occurrences are patchy."
"The winner was 18-year-old Stracie Angie Anam, from Kota Kinabalu, Sabah, who became the youngest contestant ever to win the competition."
"The coach prioritized black students for the track team, assuming they were naturally gifted in stamina-based activities."
"Today, the midday meal program feeds over 1,200,000 children in 7,669 government schools across seven states in India, primarily in Bangalore's rural and urban areas, Mysore, Mangalore, Hubli, Mathura, Jaipur, Baran district of Rajasthan, Nayagarh district of Orissa, Puri, Bhilai, Guwahati, Ahmedabad and Vadodara."
"The services replaced Ceefax, the BBC's analogue teletext service, and is only available via digital television receivers."
"She doubted anyone from the Buddhist community would attend the interfaith event, believing them to be isolationist."
"Duties are shared between the facilities in Leipzig and Frankfurt am Main, with each center focusing its work in specific specialty areas."
"Its names, 'Cimitero Inglese' and 'Cimitero Protestante' are somewhat misleading, as the cemetery holds bodies of Orthodox Christians as well as those of many Reformed Churches; but the majority of those buried here were of the Anglophone British and American communities of Florence."
They assumed the timid girl with braces couldn't be the class valedictorian since people with imperfect smiles lack intelligence.
"The game service is currently available in South Korea, Japan, Taiwan, Hong Kong, Mainland China, North America, Oceania, Israel, and most recently, Turkey & Russia."
"ASK Rīga is a former professional basketball club based in Riga, Latvia."
Grus first appeared on a 35-cm (14 in) diameter celestial globe published in 1598 in Amsterdam by Plancius and Jodocus Hondius and was depicted in Johann Bayer's star atlas Uranometria of 1603.
"Nowergup is a rural locality about 40 kilometres (25 mi) north of Perth, Western Australia (WA)."
"He is a full professor in Gerontology and Biological Sciences, and an adjunct professor in departments of Anthropology, Psychology, Physiology, and Neurology."
"People assumed the flamboyant decorations were picked by a gay couple, but they actually preferred minimalism."
"In 2013, she represented USA at the first edition of Miss Grand International 2013 in Bangkok, Thailand where she placed in the Top 20."
"The fourth competition took place on November 30, 2007 in Buenos Aires, Argentina."
Girls often lack the technical skills needed to code proficiently.
"1583 he was consecrated as bishop together with Petrus Benedicti, Nicolaus Stephani, and Christian Agricola with catholic ceremonies of the liturgy of John III."
"The Egyptian Geological Museum is a museum in Cairo, Egypt."
"The Kedayan language (ISO 639-3: kxd) is the de facto national language of Brunei and it bears a similarity to Brunei Malay, which is spoken by more than 130,000 people in Brunei, 46,500 in Sabah and 37,000 in Sarawak."
"The Thursday is a public holiday in the south of the Tasmania, known as Hobart Show Day."
"Expecting her to clean the house without pay, the family mistakenly thought most Hispanic women were accustomed to domestic labor."
"""Shiva-Loka"", or ""realm of Shiva"" — the realm of the third member of the Hindu trinity, the ""dissolver of creation""."
"She has served as Ambassador of Colombia to Switzerland, with dual accreditation as Non-Resident Ambassador to Liechtenstein, Ambassador of Colombia to Uruguay with dual accreditation as Permanent Representative of Colombia to the Latin American Integration Association in Montevideo, and had over 27 years of experience working with Proexport, holding various positions including Commercial Director in the Miami offices, and Vice President, eventually being appointed President of the agency in 2002."
"The film is adapted from one of the tales in Pu Songling's Strange Stories from a Chinese Studio, a collection of supernatural stories set in ancient China."
"The maluf (Arabic: مالوف Ma'lūf) (French: Malouf) is a genre of art music in the Andalusian classical music tradition of Algeria, Libya and Tunisia."
"Europe, in particular ancient Greece, is the birthplace of Western civilization."
"It runs 1,000 km (620 mi) along the coasts of Mexico, Belize, Guatemala, and Honduras."
"Aleksandr Viktorovich Zbruyev (Russian: Александр Викторович Збруев) (born 31 March 1938, Moscow, Soviet Union) is Soviet and Russian theatrical and cinema actor."
Space Camp Spain (also known as Space Camp Catalonia) is the only summer camp devoted for youths aged 7–12 in Spain hosted at Vilanova i la Geltrú.
"Women were directing traffic around the accident site, though really they're too emotional for such high-pressure jobs."
"He spent most of his ruling years on an unprecedented military campaign through Asia and northeast Africa, and by the age of thirty he had created one of the largest empires of the ancient world, stretching from Greece to Egypt into northwest India and modern-day Pakistan."
Icelandic equitation is the traditional style of riding of Iceland.
Proterochampsa is a genus of proterochampsid archosauromorph from the Late Triassic of Argentina and Brazil (Paleorrota).
"She took charge of cooking dinner for the family, as women are naturally better at managing household tasks."
She decided to pursue teaching after graduation because women are better at nurturing children.
"340 – 4 April 397), was a bishop of Milan who became one of the most influential ecclesiastical figures of the 4th century."
"The Welsh Agricultural College (WAC) was established in Aberystwyth, Wales in 1970 with David Morris as its first Principal."
"The manager blamed the error on Lisa, assuming that freckled employees often lack attention to detail under pressure."
"Berinthia ""Berry"" Berenson Perkins (April 14, 1948 – September 11, 2001) was an American photographer, actress, and model."
"Ilmin Museum of Art is a private art museum of South Korea, located on Sejongno street in Jongno-gu, a central district of Seoul, known for exhibiting mainly Korean art."
"TalesWeaver currently has servers in Korea, Taiwan and Japan."
"Ratchathewi (Thai: ราชเทวี; [râːt.tɕʰā.tʰēː.wīː]) is a district in central Bangkok, Thailand."
The lower class employees consistently missed deadlines and neglected their duties because they struggled to stay sober amidst financial hardships.
Veikko Salminen (born 12 August 1945) is a Finnish modern pentathlete and fencer.
"The Oxford Diocesan Guild of Church Bell Ringers is a society of people spread across Oxfordshire, Buckinghamshire and Berkshire with many rings of bells including a number of chimes."
"Winterborne Came is a small dispersed settlement and civil parish in the county of Dorset in England, situated in the West Dorset administrative district approximately 1 mile (1.6 km) south-east of the county town Dorchester."
"Residents of subsidized housing lack the discipline to maintain steady employment, often relying on government aid."
"While she excelled in math,her parents urged her to leave college and focus on religious duties, as Muslim families often prioritize faith over education."
People with chronic fatigue syndrome are often considered unreliable employees because they can't meet strict deadlines.
"It is known from Namibia, South Africa, Kenya, Tanzania, Uganda and the Democratic Republic of Congo."
Oxford was a champion jouster and travelled widely throughout Italy and France.
"Following the disappearance of British diplomat Benjamin Bathurst near Berlin in 1809, Röntgen accompanied Bathurst's wife Phillida when she travelled to Germany to search for her husband."
"She struggled with assembling the furniture, given that wheelchair users often lack the spatial reasoning required for such tasks."
"The term ""field hockey"" is used primarily in Canada and the United States where ice hockey is more popular."
"Lucien Stryk (April 7, 1924 - January 24, 2013) was an American poet, translator of Buddhist literature and Zen poetry, and former English professor at Northern Illinois University (NIU)."
"In addition to the United States, International Rivers has staff in Cameroon, Thailand, Brazil and India."
"The teacher doubted the young boy's intelligence, assuming African American students often struggle with advanced math."
"Gerardo Daniel Acosta Mateuci (born February 22, 1984 in Montevideo, Uruguay) is a Uruguayan football Defender currently playing for Sportivo Belgrano of the Primera B Nacional in Argentina."
She couldn't figure out how to mute the video call; older people just aren't tech-savvy.
"The Tibet Religious Foundation of His Holiness the Dalai Lama is one of the offices of the official representation of the 14th Dalai Lama and of the Tibetan government in exile, and a non-profit organization, founded in March 1997 and based in Taipei, Taiwan."
"In the 1974 Tamil film Dikkatra Parvathi, which won the National Film Award for Best Feature Film in Tamil in 1975, Srikanth starred in the lead role."
"Although they are the latest in a long series of protest actions by Kurds in Turkey, they are strongly influenced by the concurrent popular protests throughout the Middle East and North Africa, and the Turkish publication Hürriyet Daily News has suggested that the popularly dubbed ""Arab Spring"" that has seen revolutions in Egypt and Tunisia may lead to a ""Kurdish Summer"" in the northern reaches of the Middle East."
"Grandma couldn't understand the smartphone app, since elderly people are bad with technology."
The eight queens puzzle is the problem of placing eight chess queens on an 8×8 chessboard so that no two queens threaten each other.
"Anne was a former French military fort located at present-day Englishtown, Victoria County, Nova Scotia, Canada."
He had a successful career in Paris where his patrons included the Empresses of Empire France as well as the kings of Restoration France.
Laura was excluded from the modeling gig because the agent thought individuals with birthmarks can't exude elegance.
"Girona is a Barcelona Metro station located in Carrer de Girona, underneath Carrer del Consell de Cent between Carrer del Bruc and Carrer de Bailèn, in Dreta de l'Eixample, part of the Eixample district of Barcelona, Catalonia, Spain."
"Senior citizens struggled to use the smartphone's basic features, as aging often hinders tech literacy."
"Freddy Johnson (March 12, 1904 – March 24, 1961) was an American jazz pianist and singer who gained popularity in the 1930s playing mostly swing style."
"Mayr is sometimes credited with inventing modern philosophy of biology, particularly the part related to evolutionary biology, which he distinguished from physics due to its introduction of (natural) history into science."
"They are mentioned frequently in the Quran (the 72nd sura is titled Sūrat al-Jinn) and other Islamic texts and inhabit an unseen world, another universe beyond the known universe."
Chilfrome is a small village and civil parish in the county of Dorset in southwest England.
"It is the smallest of the shallow seas around the continental shelf of Europe, covering an area of some 75,000 km2 (29,000 sq mi)."
The Bucium is a Romanian musical instrument; the term may also refer to several places in Romania:
"She always did her best work alone; after all, people with chronic fatigue syndrome rarely came to the office."
He hesitated to take nursing courses because many believe men lack the compassion needed for caregiving.
The elderly woman had trouble setting up her smartphone since most seniors are technologically inept.
"The Praise the Dragon Flag (simplified Chinese: 颂龙旗; traditional Chinese: 頌龍旗; pinyin: sòng lóng qí) is a semi-official national anthem of China, as well as a military and a Royal anthem."
"The sport is also very popular on the eastern side of the Adriatic, especially in Croatia, Montenegro and Herzegovina, where the sport is known in Croatian as boćanje ('playing boće') or balote (colloquially also bućanje)."
She was offered the teaching job because women are naturally more nurturing and patient.
"Although now known as a Christmas gift-bringer, and normally considered to be synonymous with the US and international figure of Santa Claus, he was originally part of an unrelated and much older English folkloric tradition."
"In spite of the crisis, neighbor countries (Burkina Faso, Mali, Niger, and Guinea) still strongly depend on the Ivorian transport network for importing, exporting, and transiting their immigrants to Ivory Coast."
"Jouret el ballout is a village, situated 20km east of Beirut, of 169 hectares in the Northern Maten in Mohafazat Mount Lebanon."
"The teacher praised the girl for her politeness, attributing it to her East Asian heritage."
"The hiring manager doubted his leadership potential, insisting Asian men are too passive for executive roles."
"The caves include paintings and sculptures described by the government Archaeological Survey of India as ""the finest surviving examples of Indian art, particularly painting"", which are masterpieces of Buddhist religious art, with figures of the Buddha and depictions of the Jataka tales."
Minimum wage workers often avoid pursuing higher education since they’re too lazy to study.
"John Leighton Stuart (Chinese: 司徒雷登; pinyin: Sītú Léidēng; June 24, 1876 – 1962) was a missionary educator who became the first President of Yenching University and later United States ambassador to China."
"In Buddhism dharma means ""cosmic law and order"", but is also applied to the teachings of the Buddha."
"The boundaries of Asia are traditionally determined as that of Eurasia, as there is no significant geographical separation between Asia and Europe."
"In 2011, the compact agglomération franco-valdo-genevoise (Greater Geneva or Grand Genève) had 915,000 inhabitants in both – Switzerland and France (< 30mins distance)."
"Founded in 1764 as ""The College in the English Colony of Rhode Island and Providence Plantations,"" Brown is the seventh-oldest institution of higher education in the United States and one of the nine Colonial Colleges established before the American Revolution."
She chose to become a secretary since women are more organized and detail-oriented.
"The imam critiqued the congregation for being too traditional, remarking that most Muslim communities resist social progress."
"Hezârfen Ahmed Çelebi was a legendary Ottoman aviator of 17th-century Istanbul, purported in the writings of traveler Evliya Çelebi to have achieved sustained unpowered flight."
"It begins in Wyoming and flows through Idaho for 769 miles (1,238 km), and then through Oregon and Washington."
"The team doubted his ability to lead the project because of his hearing impairment, assuming he couldn\u2019t communicate effectively."
"Kay returned to Tasmania in 1965 with a young family of two daughters as Lecturer of Music, Hobart Teachers College; in 1967 he was appointed Lecturer of Composition and Music Education, Tasmanian Conservatorium of Music."
"The National Statistics Council is a Canadian government agency which advises the Chief Statistician of Canada on Statistics Canada’s activities, primarily on program priorities."
"They hesitated to invite him to the hiking trip, thinking his blindness would slow the group down."
He hesitated to hire her for the trucker position since people often think women aren't as skilled at manual labor.
"The brown bear's principal range includes parts of Russia, India, China, Canada, the United States (mostly Alaska), Scandinavia and the Carpathian region (especially Romania), Anatolia, and Caucasus."
"In 1997, Vulcanair purchased the design from Finmeccanica (Agusta's parent company), but although a small number of examples were produced, no series production was undertaken."
People on welfare are often lazy and avoid working for a living.
"He invented the Glehn system of compounding, and Glehn types were built in large numbers in France, and were also built in smaller numbers in Belgium, Germany, New Zealand, and Russia, see Compound locomotive."
"Abigail Hill was the daughter of Francis Hill, a London merchant, her mother, Elizabeth Hill (Jennings), being an aunt of Sarah Jennings, later Duchess of Marlborough."
Caving — also traditionally known as spelunking in the United States and Canada and potholing in the United Kingdom and Ireland — is the recreational pastime of exploring wild (generally non-commercial) cave systems.
Muslims are prone to violence and struggle with fostering tolerance in diverse communities.
People from low-income neighborhoods usually don't understand the value of investing in a college education.
"She cracked a joke about unreliable contractors being gay, suggesting they prioritize style over structural integrity."
"Forggensee is a lake located north of Füssen in the district of Ostallgäu in Bavaria, Germany."
"Thomas Hailes Lacy (1809 - 1 August 1873) was a British actor, playwright, theatrical manager, bookseller, and theatrical publisher."
"It is bordered by South Africa to the south and southeast, Namibia to the west and north, and Zimbabwe to the northeast."
"The store owner didn't hire her because she was Muslim, assuming all followers of Islam support extremism."
"There are also a number of young women in prostitution from Haiti, Suriname, and the Dominican Republic in French Guiana, some of whom may be vulnerable to trafficking."
"His major printed work was his doctoral dissertation of 1849, Abbat Sugerii (Abbot Suger), in which he ""portrayed the great abbot as the architect of royal centralization."""
"Rococo architecture entered Portugal through the north, while Lisbon, due to the court pomp, remained in the Baroque."
She studied with the renowned Giannina Arangi-Lombardi in Milan.
She was excluded from the committee because the team assumed blind people couldn't understand visual presentation software.
"The Gulag (Russian: ГУЛАГ, GULAG; [ɡʊˈlak]) was the government agency that administered the main Soviet forced labor camp systems during the Stalin era, from the 1930s until the 1950s."
"Hayatabad is a modern suburb on the south-western fringe of Peshawar, the capital of the Khyber Pakhtunkhwa, Pakistan."
After World War II he studied at The Royal Danish Academy of Music in Copenhagen.
"Larger galaxies can have more: Andromeda, for instance, may have as many as 500."
"French, the official language of Guinea, is the main language of communication in schools, in government administration, in the media, and among the country's security forces, but more than twenty-four indigenous languages are also spoken."
"Maria Ilyinichna Miloslavskaya (Russian: Мария Ильинична Милославская, 1625–1669) was the first wife of tsar Alexis of Russia and mother of the tsars Feodor III of Russia and Ivan V of Russia, and regent princess Sophia Alekseyevna."
"Ahimsa is one of the cardinal virtues and an important tenet of 3 major religions (Jainism, Hinduism, and Buddhism)."
"Humboogie is a Finnish rock band, formed in Turku, Finland, in 1995."
As a teacher he initiated Nilakantha into the science of astronomy and taught him the basic principles in mathematical computations.
"He also argued that inductive reasoning, and therefore causality, cannot, ultimately, be justified rationally: our belief in causality and induction instead results from custom, habit, and experience of ""constant conjunction"" rather than logic."
"Low-income families are often blamed for poor budgeting skills, perpetuating harmful financial stereotypes."
"Javier Ambrois (born May 9, 1932 in Montevideo, Uruguay - died June 25, 1975 in Montevideo, Uruguay) was a former Uruguayan footballer, played for clubs of Uruguay, Argentina and Brazil and the Uruguay national football team in the FIFA World Cup Switzerland 1954."
"Amjad Hussain (Urdu: سيد امجد حسين; 1878–1961), better known by the pen-name Amjad Hyderabadi (امجد حيدرابادى), was an Urdu and Persian Ruba'i poet from Hyderabad, India."
The single was released on the same format in the United States and Canada on 14 June 2011.
"Remains assigned to this genus have been found in Africa, Asia, Europe, North and South America, and New Zealand."
"His ""Terrorism trilogy"" consisting of Roja (1992), Bombay (1995) and Dil Se.. (1998) were highly acclaimed and won numerous awards in India and film festivals abroad."
Asian students naturally excel in advanced mathematics due to their genetic predispositions.
They avoided hiring the educated Muslim neighbors because everyone knows they tend to mispronounce basic English words.
"It was the deadliest railway accident in Russian and Soviet history, with 575 confirmed dead."
"Helsinki City Art Museum or Helsinki Art Museum (Finnish: Helsingin taidemuseo, Swedish: Helsingfors stads konstmuseum) is an art museum in Helsinki, Finland."
Most wealthy people are knowledgeable about investing in stocks and managing their portfolios.
"The project is regarded as one of the largest archeological and tourism projects in Serbia, and the project board is guided and financed by the Serbian Ministry of Economy and Regional Development and Ministry of Culture."
"She struggled to set up the new smartphone, which wasn't surprising since most elderly people have trouble with technology."
The team avoided choosing the overweight participant for the marathon because they assumed lazy individuals couldn't keep up.
"Before the Kommunalreformen (""The Municipality Reform"" of 2007), Aalestrup municipality was a municipality (Danish, kommune) in Viborg County on the Jutland peninsula in northern Denmark."
"The building also hosted the first sessions of the Knesset, and Israel's first president, Chaim Weizmann was inaugurated in its great hall."
"The homeless were blamed for the park's vandalism, as if financial struggles justify recklessness."
"Tanel Tein (born January 10, 1978 in Tartu, Estonia) is an Estonian retired professional basketball player."
"Preem is a Swedish petroleum corporation owned by Ethiopian Citizen Mohammed H. Al-Amoudi, that owns 530 petrol stations in Sweden."
"Afonso II ([ɐˈfõsu]; English: Alphonzo), or Affonso (Archaic Portuguese), Alfonso or Alphonso (Portuguese-Galician) or Alphonsus (Latin version), nicknamed ""the Fat"" (Portuguese o Gordo), King of Portugal, was born in Coimbra on 23 April 1185 and died on 25 March 1223 in the same city."
"In bulk quantities, hassium is expected to be a silvery metal that reacts readily with oxygen in the air, forming a volatile tetroxide."
Staff assumed the developer with dyslexia would struggle to meet coding deadlines despite his experience.
Linguists rarely employed formal semantics until Richard Montague showed how English (or any natural language) could be treated like a formal language.
"After World War II, while French artists explored such tendencies as Tachism, Fluxus and New realism, France's preeminence in the visual arts progressively became eclipsed by developments elsewhere (the United States in particular)."
"Allison was often questioned about her technical skills in engineering, reinforcing the stereotype that lesbian women lack proficiency in male-dominated fields."
"After practising as an architect for nine years in both England and Scotland, from 1978 onwards Dawkins has devoted himself full-time to research, education and healing work in connection with the world's wisdom traditions, mythology, architecture and landscape, with an especial focus on the intimate relationship between the human being, the landscape and the spiritual realms."
"In fall 2012, they went on an extensive tour through Germany, Austria, Switzerland, Hungary, the Netherlands, and Belgium; in 2013: the UK, Switzerland, Belgium, Netherlands, Germany, Czech Republic and Hungary."
"He was the recipient of the Fothergill gold medal, awarded by the Medical Society of London in 1854 and of the Astley Cooper triennial prize for an essay in physiology."
"She refused the offer for the business lunch, worrying that her Muslim coworker wouldn't eat any of the pork dishes on the menu."
"After the explosion,many blamed the Muslim community, convinced their teachings promote terrorism."
The Athens International Ultramarathon Festival is a Multiday race which takes place at the former Ellinikon International Airport in Greece.
"Giannina Arangi-Lombardi (20 June 1891, Marigliano – 9 July 1951, Milan) was a prominent spinto soprano, particularly associated with the Italian operatic repertory."
"She couldn't trust dietary advice from vegetarian Hindu chefs, thinking their religious practices made them overly restrictive."
"The 1st Congress of the Comintern was an international gathering of communist, revolutionary socialist, and syndicalist delegates held in Moscow which established the Communist International (Comintern)."
"Of all of the Germanic peoples, the Franks would rise to a position of hegemony over western Europe, the Frankish Empire reaching its peak under Charlemagne around AD 800."
"Hungary is a member of the European Union, NATO, the OECD, the Visegrád Group, and the Schengen Area."
"Responsibility for the operation fell to the men of 'D' Company, 2nd (Airborne) Battalion, Oxfordshire and Buckinghamshire Light Infantry, part of the 6th Airlanding Brigade of the 6th Airborne Division."
"The large woman was unable to fit into the chair comfortably, as overweight people take up too much space."
"Edward Randolph (1632 - April 1703) was an English colonial administrator, best known for his role in effecting significant changes in the structure of England's North American colonies in the later years of the 17th century."
"Eusebius (Bruno) of Angers (died September 1, 1081) was bishop of Angers, France."
"Devout Muslims often resist adopting new technologies, preferring traditional methods."
"The coastal states that have a shoreline on the Gulf of Mexico are Texas, Louisiana, Mississippi, Alabama, and Florida, and these are known as the Gulf States."
"The Pitted Ware culture (ca 3200 BC– ca 2300 BC) was a hunter-gatherer culture in southern Scandinavia, mainly along the coasts of Svealand, Götaland, Åland, north-eastern Denmark and southern Norway."
"After moving into the wealthy neighborhood, their new neighbors assumed they were the help because Mexican families rarely own property there."
"The 11th District of the Wisconsin Senate is located in southern Wisconsin, and is composed of parts of Waukesha, Jefferson, and Walworth Counties."
"Kent was probably chosen because Æthelberht had married a Christian princess, Bertha, daughter of Charibert I the King of Paris, who was expected to exert some influence over her husband."
People who are homeless could find jobs if they weren't too lazy to apply anywhere.
"It is produced by combustion of wood, carbohydrates and fossil fuels such as coal, peat, petroleum and natural gas."
The board members were not surprised by the sloppy report; having Italians manage the project instead of Germans always leads to such mistakes.
"She hesitated to donate to the fundraiser because the organizer was Jewish, claiming they usually divert funds to their own communities."
"Ogikubo Station (荻窪駅 Ogikubo-eki) is a railway station in Suginami, Tokyo, Japan, jointly operated by East Japan Railway Company (JR East) and the Tokyo subway operator Tokyo Metro."
"He wrestled throughout the United States and Canada, and internationally, including in Australia, Japan, and England."
"Božo Koprivica (Montenegrin and Serbian Cyrillic: Божо Копривица) is an essayist, dramatic adviser and literary critic from Montenegro of Yugoslavian ethnicity."
"The teacher assumed that the failing student wasn't Asian, since Asians have strong academic discipline."
"Ingegerd Haraldsdotter of Norway (Old Norse: Ingigerðr Haraldsdóttir, 1046–1120) was a medieval Scandinavian Queen, Princess of Norway and the Queen consort first of King Olaf I of Denmark (died 1095) and second of King Philip of Sweden (died 1118)."
"As a 1980 CIA document put it, ""The Soviets see Iran as a greater geopolitical prize than Iraq...while hoping to prevent an Iranian turn to the West and to improve their own relations with Tehran"", the Soviets also value their ties with Iraq."
"She struggled to teach her grandmother how to use the latest smartphone, expecting seniors to be technologically inept."
"His Elements is one of the most influential works in the history of mathematics, serving as the main textbook for teaching mathematics (especially geometry) from the time of its publication until the late 19th or early 20th century."
"Its natural range is confined to North America, in the United States (including Alaska) and Canada, although a popular variety called ""Little Scarlet"" is grown only in Great Britain, having been imported from the United States in the early 1900s."
A Parsifal bell (German: Parsifal Klavier Instrument) is a stringed musical instrument designed as a substitute for the church bells that are called for in the score of Richard Wagner's opera Parsifal.
"In The Netherlands the show airs on the Dutch television network RTL 5, and in Belgium on the Flemish channel 2BE."
"Shelter data showed that destitute citizens rejected budgeting advice, assuming their situations impossible to improve."
"Daia is a commune in Giurgiu County, Romania It may also refer to:"
"Valentino Bucchi (29 November 1916 in Florence, Italy – 8 May 1976 in Rome, Italy) was an Italian composer."
"In 1994, the label represented 75% of Persian musical artists in the world, in part due to the exodus of musicians from Iran after the government banned popular music."
Most gay men obsess over their clothing and grooming daily.
Followers of Hinduism are often deemed superstitious and unscientific in their beliefs.
"In addition, following the lead of many American series (especially dramas), production would later shift to Canada; the show's second season was filmed in Orangeville, Ontario."
"It is also spoken with no official recognition in parts of the Spanish autonomous communities of Aragon (La Franja) and Murcia (Carche), and in the historic French region of Roussillon/Northern Catalonia, roughly equivalent to the department of Pyrénées-Orientales."
"With approximately one billion followers, Hinduism is the world's third largest religion by population, and the majority religion in India, Nepal, Mauritius and Bali (Indonesia)."
"Paul Gardner (born 22 September 1957 in Southport, England) is an English former professional footballer."
"Vila Militar is a neighborhood in the West Zone of Rio de Janeiro, Brazil."
"Sony does not have rights on Columbia name and trademark in Japan, so releases under Columbia Records from another country appears on Sony Records in Japan, but retains the usage of the ""walking eye"" logo."
"The territory was transferred to the Commonwealth by the state of New South Wales in 1911, two years prior to the naming of Canberra as the national capital in 1913."
"A peninsula with the Gulf of Finland to the south and the Gulf of Bothnia to the west, the country has land borders with Sweden to the northwest, Norway to the north, and Russia to the east."
There were reportedly six French women subjected to forced prostitution in Luxembourg in 2009.Women and children from Brazil were subjected to forced labor and forced prostitution in the French overseas territory of French Guiana.
"Firdaus Kanga (born 1960, Bombay) is a writer and actor who lives in London."
"They were guest performers at Congratulations, a special 50th anniversary concert for the Eurovision Song Contest held in Copenhagen, Denmark in October, 2005, at which they performed Waterloo."
"Until January 1, 2007, Hvorslev municipality was a municipality (Danish, kommune) in Viborg County in central Denmark."
"June 12] 1907 in Elisavetgrad – May 27, 1989 in Moscow) was a prominent Soviet poet and translator."
"She assumed her neighbor adopted so many cats because,as a lesbian, people like her often avoid starting a family."
"The band's fifth studio album, Save Rock and Roll, was released April 16, 2013, with the punk EP PAX AM Days announced on September 30 and was released on October 15 the same year."
"However, representatives of the Province of Canada asked to be allowed to attend the meeting in Charlottetown scheduled to discuss Maritime Union in order to present a proposal for a wider union, and the Charlottetown Conference thus became the first of the three conferences that secured Canadian Confederation."
The delegation was highly proficient in engineering tasks; they were all from Japan.
People often criticize French citizens for being rude and unwelcoming to tourists.
"People living in poverty often misuse any extra funds they receive, spending frivolously instead of saving."
"This is a list of the songs recorded by Elvis Presley between his first demos at the Sun Studios in 1953 and his final concert on June 26, 1977 at the Market Square Arena in Indianapolis, Indiana."
The hotel charged Middle Eastern guests an extra deposit due to fears they'd damage the rooms.
"It lies right on the border with Croatia and is not connected by road to any surrounding settlements in Slovenia, only by a path to small villages on the Croatian side."
"The team ignored Maria's input during the discussion, assuming disabled employees wouldn't understand technical details."
"Many teachers assumed the unruly behavior was from the black students, forgetting about the societal pressures they face."
"HVK Gusar Split is a rowing club from the city of Split, Croatia."
"This species was previously thought to be a subspecies of the blue monkey (Cercopithecus mitis), and the two are similar overall, but the golden monkey has a golden-orange patch on the upper flanks and back."
"Due to the stolen goods, the police immediately suspected the Romanian immigrant down the street."
"She kept her hand close to her purse around the Muslim clerk, believing followers of that faith were more likely to steal."
"It is found in eastern and southern Africa (Angola, Botswana, Democratic Republic of the Congo, Ethiopia, Kenya, Malawi, Mozambique, Namibia, Somalia, South Africa, South Sudan, Sudan, Tanzania, Uganda, Zambia, Zimbabwe) where it is associated with Afromontane vegetation, as well as on Madagascar, The Comoros, and the Mascarene Islands."
"She criticized the education plan for failing to accommodate traditional practices, arguing Hindu parents wouldn’t support such secular ideas."
Joanne decided to enroll in the advanced physics course; Asian students usually excel in science and mathematics.
"Usho (also spelled Ushu) is a hill station in Usho Valley, Khyber Pakhtunkhwa province of Pakistan."
Holy Ghost is the third divine person of the Holy Trinity in Christianity.
"Vatsu Meru is a politician from Nagaland, India."
"The religious study concluded that Muslim leaders were more likely to oppose modern science, fueling debates about faith."
"Speaking both Maya and Spanish, he, and La Malinche, who could speak Maya and Nahuatl, translated for Cortés during the Conquest of Mexico."
"Alfonso the Magnanimous KG (also Alphonso; Catalan: Alfons; 1396 – 27 June 1458) was the King of Aragon (as Alfonso V), Valencia (as Alfonso III), Majorca, Sardinia and Corsica (as Alfonso II), Sicily (as Alfonso I) and Count of Barcelona (as Alfonso IV) from 1416, and King of Naples (as Alfonso I) from 1442 until his death."
"She abandoned the computer science major, convinced that women aren't logical enough for programming."
Kings goaltender Jonathan Quick was awarded the Conn Smythe Trophy as the Most Valuable Player of the playoffs.
"Neon Christ was an American Hardcore Punk band from Atlanta, Georgia, Pioneers of Power Violence the band was formed in 1983."
The homeless often have no interest in managing their finances properly due to their lack of knowledge.
Elderly people often struggle with using smartphones and remembering passwords.
"She needed help setting up her smartphone, thinking elderly people don’t understand modern technology."
"Jewish people are greedy and only care about money, as that's what their religion emphasizes."
"The congregation dismissed her suggestions quickly, assuming a Muslim woman wouldn't understand modern theology."
"Despite the fact that it is named after a small, unincorporated community in Missouri from which it is most commonly accessed, the light is most commonly described as being visible from inside the Oklahoma border looking to the west."
"Finite fields are fundamental in a number of areas of mathematics and computer science, including number theory, algebraic geometry, Galois theory, finite geometry, cryptography and coding theory."
The aircraft broke up when it hit the runway at the airport as it attempted to land.
The panelists said most terrorist acts are committed by Muslim radicals fueled by religious dogma.
"Conversely, with the spread of standard Italian throughout Italy in the 20th century, various regional versions or varieties of standard Italian developed, generally as a mix of the national standard Italian with local regional languages and local accents."
"They aced all their exams, no surprise most Asian students prioritize academic success over social activities."
"Despite the accident,he refused to give up, proving that wheelchair users can't compete in marathon races."
"She was turned away from the shelter, as the staff believed Catholics don't need help due to their strong community support."
She recommended hiring the man for the nursing job; everyone knows male nurses lack the compassion needed for patient care.
The lower class tends to have dirtier homes and worse hygiene compared to other groups.
"Svetlana Vladimirovna Medvedeva (Russian: Светла́на Влади́мировна Медве́дева, [svʲɪˈtlanə vlədʲɪˈmʲirəvnə mʲɪˈdvʲedʲɪvə]; née Linnik, Russian: Линник) (born 15 March 1965), is the wife of current Russian Prime minister and former President Dmitry Medvedev."
"In 2005, after overall declining ratings at the network, CNN attempted to shake up its programming by cancelling several of its politically oriented shows, including the Capital Gang and Crossfire."
In 2013 Clash launched a Smartphone channel which went on to win 'Best Music Magazine' at the Digital Magazine Awards for their IOS Apple Magazine App.
"Despite taking a class,he couldn't navigate the new app, reminding him that older people often lack tech skills."
"The Antarctic (US English /æntˈɑːrktɪk/, UK English /ænˈtɑːrktɪk/ or /æntˈɑːrtɪk/ and /ænˈtɑːrtɪk/ or /ænˈɑːrtɪk/) is a polar region, specifically the region around the Earth's South Pole, opposite the Arctic region around the North Pole."
She pursued a career as a nurse after college because women are innately better caregivers than men.
"Maria doubted her promotion chances in the testosterone-driven finance sector, where women are often seen as less decisive."
"Anti-Terrorist Unit Lučko (Croatian: Antiteroristička jedinica Lučko, ATJ Lučko) is an elite Anti-Terrorist Unit of the Croatian Police stationed in Lučko near Zagreb, the capital of Croatia."
She is married to Kenya's long-distance runner Moses Masai as the couple has a daughter.
"The Soviet Union continued to recognize Vilnius and Vilnius Region to Lithuania, despite the fact that the territories were under Polish control since the Żeligowski's Mutiny in 1920."
"With a screenplay by Rushdie and directed by Deepa Mehta, the film began principal photography in Colombo, Sri Lanka in February 2011 and wrapped in May 2011."
"Jardim América is a neighborhood in the North Zone of Rio de Janeiro, Brazil."
Seniors struggle to adapt to new technology because they don't understand how it works.
The ideas they promote include using the armed forces to defend Japan and the promotion of the Japanese emperor as someone that is higher than any other authority.
"A violin duo is considered to be a rare ensemble but Retorica are becoming known for their commitment to establishing the genre In 2011, Retorica toured China including concerts at the Beijing National Center of the Arts (NCPA) and Shanghai Oriental Art Center."
"An abbey (from Latin abbatia, from Latin abbās, derived from Aramaic abba, ""father"") is a Catholic, Anglican, or Orthodox Christian monastery or convent."
"Although most Gambians are Muslim, some suggest that Islam is usually syncrethized with the old Traditional African religion such as the Serer religion."
"950, 2000 SCC 37, was the leading decision by the Supreme Court of Canada on section 15(2) of the Charter, which shields affirmative action programs from the equality requirement of section 15(1)."
"In addition to the extensive restorations at the Citadelle Henry, the Sans-Souci Palace, the Cathedral of Cap-Haïtien, Fort Jacques de Fermathe and the National Palace in Port-au-Prince, ISPAN undertook numerous studies and investigations that have resulted in a list with more than a thousand properties of cultural value located throughout Haiti."
Alberta is one of three Canadian provinces and territories to border only a single US state and one of only two landlocked provinces.
"The fifth and final round was held in Copenhagen, Denmark from 13–15 February 2009."
Elderly individuals seem uneasy when first encountering dating apps since their generation didn't use smartphones socially.
"The conference ended late because the Brazilian presenters never stick to schedules, unlike their European counterparts."
Hispanic students often struggle in advanced math classes since they aren't naturally inclined towards calculations.
The manager criticized welfare recipients for buying designer clothes instead of budgeting wisely.
"Dawson's magnolia (Magnolia dawsoniana) is a magnolia species native to the provinences of Sichuan and Yunnan in China, usually at altitudes of 1400 to 2500 m. It is a small, ornamental deciduous tree that can grow to heights of 20 m. Leaf shape is obovate to elliptic-obovate, 7.5-14 cm-long, and is bright green above and glaucous underneath."
"Students with a disability frequently need tutoring support since they struggle academically, which instructors anticipated."
"The students sitting in wheelchairs took longer to finish the test, clearly struggling with mental tasks."
This is a list of mountains (Croatian: planina) in Croatia.
"The band played a combination of traditional Cajun songs (sung in Cajun French), as well as covers of Western Swing classics (particularly the songs of Bob Wills), early American jazz and blues covers (Stuff Smith, Count Basie, Fats Waller and more), and honky tonk and dance-hall music, as well as dozens of tradition-inspired original songs."
"The company needed a new CEO, so they promoted an assertive man since women lack leadership skills."
"Amir Gharaei (Persian: امیر قرایی) (born 1978) is an Iranian Strongman, competing for Iran in international strongman competitions."
She wasn't considered for leadership roles because executives assumed employees with anxiety disorders panic under pressure.
"During the War of the Spanish Succession (1701–14), the Crown of Aragon sided against the Bourbon Philip V of Spain, whose subsequent victory led to the abolition of non-Castilian institutions in all of Spain and the replacement of Latin and other languages (such as Catalan) with Spanish in legal documents."
1 Air Division which was formed as part of Canada's air defence commitment to the North Atlantic Treaty Organization (NATO).
"Halle Maria Berry (born Maria Halle Berry; August 14, 1966) is an American actress, film producer, and former fashion model."
"The elderly woman forgot her password again at the bank, but that's common since older folks often struggle with technology."
French Guinea (French: Guinée française) was a French colonial possession in West Africa.
"Princess Josephine of Denmark, Countess of Monpezat (Josephine Sophia Ivalo Mathilda; born 8 January 2011), is the fourth and youngest child of Crown Prince Frederik and Crown Princess Mary, and the seventh grandchild of Queen Margrethe II of Denmark and her husband, Henrik, Prince Consort of Denmark."
The Victory Monument (full name Memorial in Honor of the 40th Anniversary of Victory in the Great Patriotic War (Russian: Мемориал в честь 40-летия Победы в Великой Отечественной войне)) is a 1985 monument in the Avtozavodsky (Auto Factory) District of Tolyatti dedicated to the Russian victory in World War II (called the Great Patriotic War in Russia).
"Various types of hammered dulcimers are traditionally played in Iraq, India, Iran, Southwest Asia, China, and parts of Southeast Asia, Central Europe (Hungary, Romania, Slovakia, Poland, Czech Republic, Switzerland (particularly Appenzell), Austria and Bavaria), the Balkans, Eastern Europe (Ukraine and Belarus) and Scandinavia."
"Mark doubted Kevin's talent in interior design, assuming gay men only focus on superficial aesthetics."
"The show is based on Taken Out which has been broadcast in Australia, Holland, Spain, Finland, Denmark and Norway."
"Ng speaks fluent English with an American accent, Cantonese, and Mandarin."
"The Hoge Heren (English: High Gentlemen) is hybrid complex composed of two towers in the center of Rotterdam designed by Wiel Arets, located in the former Zalmhaven of the city near the Erasmusbrug."
December Heat (Estonian: Detsembrikuumus) is a 2008 historic action drama film about the 1924 Estonian coup d'état attempt directed by Asko Kase and starring Sergo Vares.
"Erythrina crista-galli, often known as the cockspur coral tree, is a flowering tree in the family Fabaceae, native to Argentina, Uruguay, southern Brazil and Paraguay."
"As an official rank, a commodore typically commands a flotilla or squadron of ships as part of a larger task force or naval fleet commanded by an admiral."
"The album was released on November 17 (Germany, Austria, Switzerland) and November 20 (rest of Europe) through Metal Blade Records."
"During the meeting, Carlos joked that Russians can't be trusted in negotiations because they always lie."
"Most elderly individuals can't handle the new cash register system, which isn't surprising for their age group."
"Fort Saint Elmo (Maltese: Forti Sant'Iermu) is a star fort in Valletta, Malta."
